Date,Predicted_Close,Actual_Close,Stock
2022-01-03,2.758852005004883,2.5966,AHEALTH
2022-01-04,2.4990782737731934,2.577,AHEALTH
2022-01-05,2.6182477474212646,2.577,AHEALTH
2022-01-06,2.736812829971313,2.5477,AHEALTH
2022-01-07,2.837607383728028,2.5379,AHEALTH
2022-01-10,2.7324488162994385,2.5379,AHEALTH
2022-01-11,2.5718753337860107,2.5379,AHEALTH
2022-01-12,2.7321982383728027,2.5477,AHEALTH
2022-01-13,2.7606801986694336,2.5379,AHEALTH
2022-01-14,2.600830078125,2.5085,AHEALTH
2022-01-17,2.6946825981140137,2.5085,AHEALTH
2022-01-19,2.5533266067504883,2.4889,AHEALTH
2022-01-20,2.6357569694519043,2.4595,AHEALTH
2022-01-21,2.755028009414673,2.4693,AHEALTH
2022-01-24,2.7704553604125977,2.4693,AHEALTH
2022-01-25,2.716439247131348,2.4007,AHEALTH
2022-01-26,2.457635402679444,2.3909,AHEALTH
2022-01-27,2.684612274169922,2.4105,AHEALTH
2022-01-28,2.828296184539795,2.3713,AHEALTH
2022-01-31,2.6173524856567383,2.3909,AHEALTH
2022-02-03,2.9001150131225586,2.4007,AHEALTH
2022-02-04,2.5582046508789062,2.4791,AHEALTH
2022-02-07,2.709646224975586,2.4595,AHEALTH
2022-02-08,2.775373697280884,2.5477,AHEALTH
2022-02-09,2.836199760437012,2.6162,AHEALTH
2022-02-10,2.7154266834259038,2.626,AHEALTH
2022-02-11,2.5374691486358643,2.6162,AHEALTH
2022-02-14,2.74041748046875,2.5868,AHEALTH
2022-02-15,2.8376669883728027,2.5183,AHEALTH
2022-02-17,2.751335620880127,2.5183,AHEALTH
2022-02-18,2.9009451866149902,2.5868,AHEALTH
2022-02-21,2.6226110458374023,2.5477,AHEALTH
2022-02-22,2.7925992012023926,2.5183,AHEALTH
2022-02-23,2.868422269821167,2.5085,AHEALTH
2022-02-24,2.9657020568847656,2.5477,AHEALTH
2022-02-25,2.824486494064331,2.5966,AHEALTH
2022-02-28,2.6751961708068848,2.6162,AHEALTH
2022-03-01,2.903716564178467,2.6554,AHEALTH
2022-03-02,2.9117884635925293,2.626,AHEALTH
2022-03-03,2.8761603832244877,2.626,AHEALTH
2022-03-04,2.796102523803711,2.6162,AHEALTH
2022-03-07,2.5773768424987797,2.5868,AHEALTH
2022-03-08,2.6684131622314453,2.5477,AHEALTH
2022-03-09,2.7510268688201904,2.5574,AHEALTH
2022-03-10,2.814054012298584,2.5868,AHEALTH
2022-03-11,2.712885856628418,2.5574,AHEALTH
2022-03-14,2.6118052005767822,2.5672,AHEALTH
2022-03-15,2.782658576965332,2.5966,AHEALTH
2022-03-16,2.7462282180786133,2.6456,AHEALTH
2022-03-17,2.79994535446167,2.6358,AHEALTH
2022-03-18,2.7258358001708984,2.6358,AHEALTH
2022-03-21,2.571168899536133,2.675,AHEALTH
2022-03-22,2.675121784210205,2.675,AHEALTH
2022-03-23,2.6836962699890137,2.6946,AHEALTH
2022-03-24,2.7610793113708496,2.6848,AHEALTH
2022-03-25,2.6892082691192627,2.7044,AHEALTH
2022-03-28,2.668438673019409,2.7632,AHEALTH
2022-03-29,2.7442445755004883,2.8024,AHEALTH
2022-03-30,2.762559175491333,2.8514,AHEALTH
2022-03-31,2.6724910736083984,2.822,AHEALTH
2022-04-01,2.968432903289795,2.8024,AHEALTH
2022-04-04,2.7356090545654297,2.8808,AHEALTH
2022-04-05,2.8523988723754883,2.8808,AHEALTH
2022-04-06,2.9355900287628174,2.8514,AHEALTH
2022-04-07,3.06467342376709,2.9396,AHEALTH
2022-04-08,2.938570737838745,2.969,AHEALTH
2022-04-11,2.864544630050659,2.92,AHEALTH
2022-04-12,3.0021872520446777,2.9102,AHEALTH
2022-04-13,3.012236356735229,2.9102,AHEALTH
2022-04-14,2.9355216026306152,2.9004,AHEALTH
2022-04-15,3.133316993713379,2.9004,AHEALTH
2022-04-18,2.8613109588623047,2.9102,AHEALTH
2022-04-20,2.9295363426208496,2.9004,AHEALTH
2022-04-21,3.1043741703033447,2.9004,AHEALTH
2022-04-22,3.3373680114746094,2.8514,AHEALTH
2022-04-25,3.019438982009888,2.8416,AHEALTH
2022-04-26,2.952755689620972,2.8122,AHEALTH
2022-04-27,3.2267374992370605,2.7828,AHEALTH
2022-04-28,3.131764888763428,2.8024,AHEALTH
2022-04-29,3.202454805374145,2.7926,AHEALTH
2022-05-05,3.1202783584594727,2.8024,AHEALTH
2022-05-06,3.04105281829834,2.8024,AHEALTH
2022-05-09,3.2133724689483643,2.822,AHEALTH
2022-05-10,3.110313415527344,2.8416,AHEALTH
2022-05-11,3.2370409965515137,2.8122,AHEALTH
2022-05-12,3.046762228012085,2.7926,AHEALTH
2022-05-13,3.115774631500244,2.8318,AHEALTH
2022-05-17,3.2225053310394287,2.9004,AHEALTH
2022-05-18,3.153679847717285,2.9886,AHEALTH
2022-05-19,3.449854850769043,2.9886,AHEALTH
2022-01-03,1.9450396299362185,1.96,APM
2022-01-05,1.6838003396987915,1.96,APM
2022-01-06,1.910766363143921,2.0,APM
2022-01-07,1.910255789756775,2.01,APM
2022-01-10,2.027503728866577,2.0,APM
2022-01-11,1.9303629398345947,1.96,APM
2022-01-12,1.709907054901123,2.0,APM
2022-01-13,1.9554153680801392,2.0,APM
2022-01-14,1.9714577198028564,2.0,APM
2022-01-17,1.847546100616455,2.0,APM
2022-01-19,2.011043071746826,1.97,APM
2022-01-20,1.7466684579849243,1.97,APM
2022-01-21,1.8978071212768557,2.0,APM
2022-01-28,1.981509566307068,2.0,APM
2022-02-03,2.1020188331604004,1.99,APM
2022-02-09,2.0330493450164795,2.0,APM
2022-02-10,1.797833800315857,1.99,APM
2022-02-14,2.038243293762207,2.0,APM
2022-02-15,2.0637238025665283,2.0,APM
2022-02-16,1.8647708892822263,2.0,APM
2022-02-17,2.0589258670806885,1.99,APM
2022-02-18,1.8692725896835327,1.99,APM
2022-02-21,2.0002057552337646,2.0,APM
2022-02-22,2.056562662124634,2.1,APM
2022-02-23,2.0951147079467773,2.0,APM
2022-02-24,2.1254067420959477,2.0,APM
2022-02-25,1.8282148838043213,1.95,APM
2022-02-28,2.117037296295166,2.03,APM
2022-03-03,2.1694259643554688,2.03,APM
2022-03-04,1.9319167137146,2.03,APM
2022-03-07,2.074702024459839,2.01,APM
2022-03-08,1.8636233806610107,1.94,APM
2022-03-09,1.9645109176635744,1.95,APM
2022-03-10,2.0382184982299805,1.97,APM
2022-03-11,2.0809426307678223,1.98,APM
2022-03-14,2.119220972061157,1.97,APM
2022-03-15,1.890835404396057,1.97,APM
2022-03-16,2.035672903060913,1.97,APM
2022-03-17,2.0452702045440674,1.98,APM
2022-03-18,1.9170632362365725,2.02,APM
2022-03-24,2.1135363578796387,2.05,APM
2022-03-25,1.8890825510025024,2.07,APM
2022-03-30,1.8883328437805176,2.05,APM
2022-03-31,2.0191359519958496,2.06,APM
2022-04-01,2.0737712383270264,2.07,APM
2022-04-04,2.0838732719421387,2.07,APM
2022-04-05,1.9117960929870603,2.07,APM
2022-04-06,2.059170246124268,2.09,APM
2022-04-07,2.1140336990356445,2.11,APM
2022-04-08,1.9881620407104488,2.12,APM
2022-04-11,2.085285186767578,2.18,APM
2022-04-12,1.9096635580062864,2.19,APM
2022-04-13,1.95058274269104,2.1,APM
2022-04-14,2.0518507957458496,2.16,APM
2022-04-18,2.070029020309448,2.15,APM
2022-04-20,2.0660877227783203,2.16,APM
2022-04-21,1.9004065990448,2.12,APM
2022-04-22,2.1052587032318115,2.12,APM
2022-04-25,2.121134996414185,2.12,APM
2022-04-26,2.014811754226685,2.18,APM
2022-04-27,2.067927837371826,2.17,APM
2022-04-28,1.798349380493164,2.18,APM
2022-04-29,1.8624637126922607,2.17,APM
2022-05-05,1.9544146060943604,2.13,APM
2022-05-06,2.013567924499512,2.18,APM
2022-05-09,2.081082344055176,2.15,APM
2022-05-10,1.8140040636062624,2.1,APM
2022-05-11,2.075636625289917,2.1,APM
2022-05-12,2.1126866340637207,2.05,APM
2022-05-13,1.927504539489746,2.17,APM
2022-05-17,2.058568954467773,2.17,APM
2022-05-18,1.8185003995895384,2.17,APM
2022-05-19,1.861612558364868,2.2,APM
2022-05-20,1.910876750946045,2.2,APM
2022-05-23,2.004683494567871,2.18,APM
2022-05-24,2.0427651405334477,2.19,APM
2022-05-30,1.8177752494812007,2.15,APM
2022-05-31,2.043635845184326,2.0,APM
2022-01-03,0.1970347762107849,0.19,BIOHLDG
2022-01-04,0.211665540933609,0.2,BIOHLDG
2022-01-05,0.2086067199707031,0.195,BIOHLDG
2022-01-06,0.2171403765678405,0.195,BIOHLDG
2022-01-07,0.2242336869239807,0.195,BIOHLDG
2022-01-10,0.2049617022275924,0.195,BIOHLDG
2022-01-11,0.2015292346477508,0.19,BIOHLDG
2022-01-12,0.2059263586997985,0.19,BIOHLDG
2022-01-13,0.214526355266571,0.19,BIOHLDG
2022-01-14,0.2132283449172973,0.185,BIOHLDG
2022-01-17,0.2044942826032638,0.185,BIOHLDG
2022-01-19,0.2159908413887024,0.185,BIOHLDG
2022-01-20,0.2048989236354828,0.185,BIOHLDG
2022-01-21,0.2256240397691726,0.18,BIOHLDG
2022-01-24,0.2423988729715347,0.185,BIOHLDG
2022-01-25,0.2114489823579788,0.18,BIOHLDG
2022-01-26,0.207537904381752,0.18,BIOHLDG
2022-01-27,0.2118759155273437,0.17,BIOHLDG
2022-01-28,0.2153131663799286,0.175,BIOHLDG
2022-01-31,0.22275310754776,0.175,BIOHLDG
2022-02-03,0.2441109269857406,0.175,BIOHLDG
2022-02-04,0.2408646494150161,0.175,BIOHLDG
2022-02-07,0.2354074716567993,0.18,BIOHLDG
2022-02-08,0.2602289915084839,0.18,BIOHLDG
2022-02-09,0.2765984237194061,0.175,BIOHLDG
2022-02-10,0.2444245666265487,0.17,BIOHLDG
2022-02-11,0.2301758229732513,0.165,BIOHLDG
2022-02-14,0.2430266141891479,0.17,BIOHLDG
2022-02-15,0.2436406463384628,0.17,BIOHLDG
2022-02-16,0.2618074119091034,0.17,BIOHLDG
2022-02-17,0.2869649529457092,0.17,BIOHLDG
2022-02-18,0.2679846882820129,0.17,BIOHLDG
2022-02-21,0.2741618156433105,0.17,BIOHLDG
2022-02-22,0.3003091812133789,0.17,BIOHLDG
2022-02-23,0.3005959093570709,0.17,BIOHLDG
2022-02-24,0.2700726687908172,0.165,BIOHLDG
2022-02-25,0.248496264219284,0.165,BIOHLDG
2022-02-28,0.2733686864376068,0.155,BIOHLDG
2022-03-01,0.2794609069824219,0.15,BIOHLDG
2022-03-02,0.2916226387023926,0.16,BIOHLDG
2022-03-03,0.2932322919368744,0.155,BIOHLDG
2022-03-04,0.2792625427246094,0.15,BIOHLDG
2022-03-07,0.278505802154541,0.145,BIOHLDG
2022-03-08,0.3028249144554138,0.145,BIOHLDG
2022-03-09,0.2986832559108734,0.145,BIOHLDG
2022-03-10,0.2739817798137665,0.145,BIOHLDG
2022-03-11,0.2521404325962066,0.145,BIOHLDG
2022-03-14,0.2783140838146209,0.14,BIOHLDG
2022-03-15,0.2944559454917907,0.14,BIOHLDG
2022-03-16,0.3014378249645233,0.14,BIOHLDG
2022-03-17,0.2902306020259857,0.14,BIOHLDG
2022-03-18,0.28801029920578,0.145,BIOHLDG
2022-03-21,0.284827709197998,0.145,BIOHLDG
2022-03-22,0.3024351894855499,0.145,BIOHLDG
2022-03-23,0.3058397471904754,0.15,BIOHLDG
2022-03-24,0.2753434479236603,0.15,BIOHLDG
2022-03-25,0.2595666944980621,0.15,BIOHLDG
2022-03-28,0.2916348576545715,0.145,BIOHLDG
2022-03-29,0.3048556745052337,0.15,BIOHLDG
2022-03-30,0.3110229969024658,0.15,BIOHLDG
2022-03-31,0.2961614429950714,0.15,BIOHLDG
2022-04-01,0.2962221205234527,0.145,BIOHLDG
2022-04-04,0.29718679189682,0.15,BIOHLDG
2022-04-05,0.3121448755264282,0.145,BIOHLDG
2022-04-06,0.3185575008392334,0.145,BIOHLDG
2022-04-07,0.2868057191371918,0.15,BIOHLDG
2022-04-08,0.2682649791240692,0.145,BIOHLDG
2022-04-11,0.3071866631507873,0.145,BIOHLDG
2022-04-12,0.3212958574295044,0.145,BIOHLDG
2022-04-13,0.3149302005767822,0.145,BIOHLDG
2022-04-14,0.3049946129322052,0.14,BIOHLDG
2022-04-15,0.3272634744644165,0.145,BIOHLDG
2022-04-18,0.314136803150177,0.14,BIOHLDG
2022-04-20,0.3311561346054077,0.145,BIOHLDG
2022-04-21,0.3430959284305572,0.145,BIOHLDG
2022-04-22,0.3116363883018493,0.14,BIOHLDG
2022-04-25,0.3004634380340576,0.14,BIOHLDG
2022-04-26,0.3185970783233642,0.14,BIOHLDG
2022-04-27,0.3402257859706878,0.135,BIOHLDG
2022-04-28,0.3293814659118652,0.14,BIOHLDG
2022-04-29,0.3164412081241607,0.14,BIOHLDG
2022-05-05,0.3444978594779968,0.14,BIOHLDG
2022-05-06,0.3354999125003814,0.135,BIOHLDG
2022-05-09,0.3426069319248199,0.135,BIOHLDG
2022-05-10,0.3508853018283844,0.135,BIOHLDG
2022-05-11,0.3285322189331054,0.135,BIOHLDG
2022-05-12,0.3278515040874481,0.135,BIOHLDG
2022-05-13,0.3342738747596741,0.14,BIOHLDG
2022-05-17,0.3538360297679901,0.14,BIOHLDG
2022-05-18,0.3404124081134796,0.145,BIOHLDG
2022-01-03,0.4769616723060608,0.545,BSTEAD
2022-01-04,0.4802478551864624,0.545,BSTEAD
2022-01-05,0.4705501794815063,0.545,BSTEAD
2022-01-06,0.4968158900737762,0.54,BSTEAD
2022-01-07,0.5232915282249451,0.54,BSTEAD
2022-01-10,0.4798845052719116,0.545,BSTEAD
2022-01-11,0.4747090935707092,0.555,BSTEAD
2022-01-12,0.4828199744224548,0.555,BSTEAD
2022-01-13,0.5078284740447998,0.565,BSTEAD
2022-01-14,0.4688901305198669,0.56,BSTEAD
2022-01-17,0.4555829465389251,0.56,BSTEAD
2022-01-19,0.4603399932384491,0.55,BSTEAD
2022-01-20,0.4526506662368774,0.545,BSTEAD
2022-01-21,0.4806338846683502,0.545,BSTEAD
2022-01-24,0.4932103157043457,0.545,BSTEAD
2022-01-25,0.4556151032447815,0.535,BSTEAD
2022-01-26,0.4434536695480346,0.54,BSTEAD
2022-01-27,0.4722158312797546,0.54,BSTEAD
2022-01-28,0.5027281641960144,0.54,BSTEAD
2022-01-31,0.4426668286323547,0.54,BSTEAD
2022-02-03,0.4190494418144226,0.535,BSTEAD
2022-02-04,0.4323717355728149,0.54,BSTEAD
2022-02-07,0.4317346215248108,0.55,BSTEAD
2022-02-08,0.4461184442043304,0.55,BSTEAD
2022-02-09,0.4504390060901642,0.555,BSTEAD
2022-02-10,0.4294073581695556,0.56,BSTEAD
2022-02-11,0.4125317931175232,0.57,BSTEAD
2022-02-14,0.4385792016983032,0.58,BSTEAD
2022-02-15,0.4639219045639038,0.59,BSTEAD
2022-02-16,0.4211615920066833,0.58,BSTEAD
2022-02-17,0.4047344923019409,0.595,BSTEAD
2022-02-18,0.4001741707324981,0.625,BSTEAD
2022-02-21,0.4056907296180725,0.605,BSTEAD
2022-02-22,0.4178109169006347,0.615,BSTEAD
2022-02-23,0.4277691543102264,0.615,BSTEAD
2022-02-24,0.399372786283493,0.6,BSTEAD
2022-02-25,0.3938425183296203,0.605,BSTEAD
2022-02-28,0.4182646870613098,0.61,BSTEAD
2022-03-01,0.4240785241127014,0.61,BSTEAD
2022-03-02,0.4065839648246765,0.655,BSTEAD
2022-03-03,0.3912376165390014,0.66,BSTEAD
2022-03-04,0.3942672610282898,0.62,BSTEAD
2022-03-07,0.3705875873565674,0.59,BSTEAD
2022-03-08,0.4058020114898681,0.59,BSTEAD
2022-03-09,0.4350301921367645,0.615,BSTEAD
2022-03-10,0.3855049014091491,0.605,BSTEAD
2022-03-11,0.3975622057914734,0.605,BSTEAD
2022-03-14,0.3985267281532287,0.6,BSTEAD
2022-03-15,0.4010570347309112,0.595,BSTEAD
2022-03-16,0.3938802480697632,0.59,BSTEAD
2022-03-17,0.3643649816513061,0.59,BSTEAD
2022-03-18,0.3820945918560028,0.59,BSTEAD
2022-03-21,0.3510021269321441,0.6,BSTEAD
2022-03-22,0.3937982320785522,0.625,BSTEAD
2022-03-23,0.4257904589176178,0.635,BSTEAD
2022-03-24,0.3693211376667022,0.635,BSTEAD
2022-03-25,0.3696480393409729,0.65,BSTEAD
2022-03-28,0.3775836229324341,0.645,BSTEAD
2022-03-29,0.3912016153335571,0.655,BSTEAD
2022-03-30,0.3747450113296509,0.68,BSTEAD
2022-03-31,0.3576089739799499,0.665,BSTEAD
2022-04-01,0.3687974810600281,0.67,BSTEAD
2022-04-04,0.3493025600910187,0.7,BSTEAD
2022-04-05,0.3835552930831909,0.71,BSTEAD
2022-04-06,0.4108007252216339,0.7,BSTEAD
2022-04-07,0.3674910962581634,0.715,BSTEAD
2022-04-08,0.3524483740329742,0.705,BSTEAD
2022-04-11,0.3685423731803894,0.74,BSTEAD
2022-04-12,0.3811899721622467,0.76,BSTEAD
2022-04-13,0.371708869934082,0.76,BSTEAD
2022-04-14,0.3428875207901001,0.78,BSTEAD
2022-04-15,0.3594897985458374,0.775,BSTEAD
2022-04-18,0.3410830497741699,0.75,BSTEAD
2022-04-20,0.3692421615123749,0.775,BSTEAD
2022-04-21,0.3930703997611999,0.81,BSTEAD
2022-04-22,0.3552911877632141,0.81,BSTEAD
2022-04-25,0.3428741097450256,0.79,BSTEAD
2022-04-26,0.3590209484100342,0.78,BSTEAD
2022-04-27,0.3729060888290405,0.76,BSTEAD
2022-04-28,0.3597674369812011,0.785,BSTEAD
2022-04-29,0.3379592597484588,0.78,BSTEAD
2022-05-05,0.3582163453102112,0.775,BSTEAD
2022-05-06,0.3330781757831573,0.745,BSTEAD
2022-05-09,0.362887442111969,0.735,BSTEAD
2022-05-10,0.3974470496177673,0.735,BSTEAD
2022-05-11,0.3577731549739837,0.73,BSTEAD
2022-05-12,0.3430453538894653,0.675,BSTEAD
2022-05-13,0.3556477427482605,0.695,BSTEAD
2022-05-17,0.3673846125602722,0.735,BSTEAD
2022-05-18,0.3635402917861938,0.72,BSTEAD
2022-01-03,0.8488367199897766,0.805,CAPITALA
2022-01-04,0.6907007694244385,0.81,CAPITALA
2022-01-05,0.6847171783447266,0.805,CAPITALA
2022-01-06,0.8340247869491577,0.815,CAPITALA
2022-01-07,0.8899396657943726,0.795,CAPITALA
2022-01-10,0.852978527545929,0.78,CAPITALA
2022-01-11,0.6430563926696777,0.77,CAPITALA
2022-01-12,0.9061676859855652,0.785,CAPITALA
2022-01-13,0.932669162750244,0.745,CAPITALA
2022-01-14,0.801925003528595,0.62,CAPITALA
2022-01-17,0.8500996828079224,0.615,CAPITALA
2022-01-19,0.7335987091064453,0.59,CAPITALA
2022-01-20,0.6532031297683716,0.595,CAPITALA
2022-01-21,0.8269108533859253,0.605,CAPITALA
2022-01-24,0.8760268092155457,0.595,CAPITALA
2022-01-25,0.8483933210372925,0.59,CAPITALA
2022-01-26,0.6786917448043823,0.59,CAPITALA
2022-01-27,0.8821357488632202,0.58,CAPITALA
2022-01-28,0.9086801409721376,0.58,CAPITALA
2022-01-31,0.8130657076835632,0.545,CAPITALA
2022-02-03,0.7840171456336975,0.58,CAPITALA
2022-02-04,0.6864669322967529,0.575,CAPITALA
2022-02-07,0.7509458065032959,0.565,CAPITALA
2022-02-08,0.7586497068405151,0.66,CAPITALA
2022-02-09,0.7737763524055481,0.685,CAPITALA
2022-02-10,0.7490144968032837,0.665,CAPITALA
2022-02-11,0.6683861017227173,0.67,CAPITALA
2022-02-14,0.8383097648620605,0.63,CAPITALA
2022-02-15,0.813920259475708,0.63,CAPITALA
2022-02-16,0.7587341070175171,0.62,CAPITALA
2022-02-17,0.6735557913780212,0.635,CAPITALA
2022-02-18,0.5249351263046265,0.665,CAPITALA
2022-02-21,0.7276869416236877,0.64,CAPITALA
2022-02-22,0.66092848777771,0.625,CAPITALA
2022-02-23,0.642998218536377,0.63,CAPITALA
2022-02-24,0.6122596859931946,0.615,CAPITALA
2022-02-25,0.5395352840423584,0.64,CAPITALA
2022-02-28,0.7114136815071106,0.625,CAPITALA
2022-03-01,0.6623767018318176,0.635,CAPITALA
2022-03-02,0.6330245733261108,0.63,CAPITALA
2022-03-03,0.6615123748779297,0.65,CAPITALA
2022-03-04,0.5767386555671692,0.625,CAPITALA
2022-03-07,0.6787729263305664,0.625,CAPITALA
2022-03-08,0.6595810651779175,0.665,CAPITALA
2022-03-09,0.6480550169944763,0.64,CAPITALA
2022-03-10,0.6479030847549438,0.66,CAPITALA
2022-03-11,0.5721443891525269,0.635,CAPITALA
2022-03-14,0.6649479866027832,0.62,CAPITALA
2022-03-15,0.666218638420105,0.62,CAPITALA
2022-03-16,0.6425969004631042,0.62,CAPITALA
2022-03-17,0.6545946002006531,0.63,CAPITALA
2022-03-18,0.5580366253852844,0.62,CAPITALA
2022-03-21,0.6693377494812012,0.615,CAPITALA
2022-03-22,0.6451280117034912,0.625,CAPITALA
2022-03-23,0.6809698939323425,0.63,CAPITALA
2022-03-24,0.6773385405540466,0.66,CAPITALA
2022-03-25,0.5962091684341431,0.67,CAPITALA
2022-03-28,0.6783834099769592,0.655,CAPITALA
2022-03-29,0.6523435115814209,0.68,CAPITALA
2022-03-30,0.6498948335647583,0.75,CAPITALA
2022-03-31,0.6478990316390991,0.735,CAPITALA
2022-04-01,0.5860835313796997,0.725,CAPITALA
2022-04-04,0.6600230932235718,0.72,CAPITALA
2022-04-05,0.6673308610916138,0.735,CAPITALA
2022-04-06,0.663725733757019,0.725,CAPITALA
2022-04-07,0.639289140701294,0.7,CAPITALA
2022-04-08,0.5772272348403931,0.71,CAPITALA
2022-04-11,0.6911340951919556,0.7,CAPITALA
2022-04-12,0.6783904433250427,0.69,CAPITALA
2022-04-13,0.6370002031326294,0.7,CAPITALA
2022-04-14,0.6844239830970764,0.705,CAPITALA
2022-04-15,0.6433343887329102,0.705,CAPITALA
2022-04-18,0.7035907506942749,0.705,CAPITALA
2022-04-20,0.6872233152389526,0.71,CAPITALA
2022-04-21,0.6791160106658936,0.715,CAPITALA
2022-04-22,0.6843893527984619,0.705,CAPITALA
2022-04-25,0.6275988221168518,0.69,CAPITALA
2022-04-26,0.7367968559265137,0.705,CAPITALA
2022-04-27,0.7356932163238525,0.7,CAPITALA
2022-04-28,0.6878668069839478,0.705,CAPITALA
2022-04-29,0.7138676047325134,0.72,CAPITALA
2022-05-05,0.723376989364624,0.725,CAPITALA
2022-05-06,0.7340673804283142,0.72,CAPITALA
2022-05-09,0.7380514144897461,0.705,CAPITALA
2022-05-10,0.7639625668525696,0.7,CAPITALA
2022-05-11,0.748748779296875,0.71,CAPITALA
2022-05-12,0.6900701522827148,0.7,CAPITALA
2022-05-13,0.7557598948478699,0.69,CAPITALA
2022-05-17,0.780059814453125,0.7,CAPITALA
2022-05-18,0.7250559329986572,0.705,CAPITALA
2022-01-03,0.8063127994537354,0.8,EUPE
2022-01-04,0.764887809753418,0.82,EUPE
2022-01-05,0.8046019077301025,0.81,EUPE
2022-01-06,0.8020249605178833,0.805,EUPE
2022-01-07,0.8413952589035034,0.815,EUPE
2022-01-10,0.8044413328170776,0.82,EUPE
2022-01-11,0.7663519382476807,0.82,EUPE
2022-01-12,0.8158326745033264,0.805,EUPE
2022-01-13,0.8343565464019775,0.805,EUPE
2022-01-14,0.7765326499938965,0.8,EUPE
2022-01-17,0.7562206387519836,0.8,EUPE
2022-01-19,0.7410804629325867,0.805,EUPE
2022-01-20,0.760902464389801,0.795,EUPE
2022-01-21,0.770127534866333,0.805,EUPE
2022-01-25,0.7852203249931335,0.805,EUPE
2022-01-27,0.7506876587867737,0.805,EUPE
2022-01-28,0.7168270945549011,0.8,EUPE
2022-01-31,0.7902103066444397,0.79,EUPE
2022-02-03,0.8119999170303345,0.81,EUPE
2022-02-04,0.7356579303741455,0.845,EUPE
2022-02-07,0.7166991829872131,0.845,EUPE
2022-02-08,0.6984987258911133,0.845,EUPE
2022-02-09,0.7323854565620422,0.83,EUPE
2022-02-10,0.7300760746002197,0.83,EUPE
2022-02-14,0.7528972029685974,0.8,EUPE
2022-02-15,0.7382059097290039,0.825,EUPE
2022-02-17,0.6843725442886353,0.805,EUPE
2022-02-18,0.754136860370636,0.81,EUPE
2022-02-21,0.764889121055603,0.815,EUPE
2022-02-22,0.7069852352142334,0.815,EUPE
2022-02-23,0.705777108669281,0.8,EUPE
2022-02-24,0.69852614402771,0.78,EUPE
2022-02-25,0.7156363129615784,0.79,EUPE
2022-02-28,0.7128258943557739,0.815,EUPE
2022-03-01,0.7360174655914307,0.795,EUPE
2022-03-02,0.7171930074691772,0.795,EUPE
2022-03-03,0.7023546695709229,0.805,EUPE
2022-03-04,0.744425892829895,0.82,EUPE
2022-03-07,0.7484080791473389,0.765,EUPE
2022-03-08,0.6964592933654785,0.785,EUPE
2022-03-09,0.698669970035553,0.8,EUPE
2022-03-10,0.6948041915893555,0.805,EUPE
2022-03-14,0.690648078918457,0.8,EUPE
2022-03-15,0.71338951587677,0.79,EUPE
2022-03-16,0.7420909404754639,0.79,EUPE
2022-03-17,0.6955265402793884,0.805,EUPE
2022-03-21,0.6814044117927551,0.785,EUPE
2022-03-22,0.7177220582962036,0.785,EUPE
2022-03-23,0.7413803339004517,0.785,EUPE
2022-03-24,0.68084317445755,0.8,EUPE
2022-03-25,0.6809830665588379,0.81,EUPE
2022-03-28,0.6925439834594727,0.8,EUPE
2022-03-30,0.6657589673995972,0.81,EUPE
2022-03-31,0.7039304375648499,0.81,EUPE
2022-04-04,0.753792941570282,0.815,EUPE
2022-04-05,0.6940711736679077,0.825,EUPE
2022-04-06,0.6750380992889404,0.85,EUPE
2022-04-07,0.7140612006187439,0.835,EUPE
2022-04-08,0.7357151508331299,0.835,EUPE
2022-04-11,0.6792086362838745,0.805,EUPE
2022-04-12,0.6649012565612793,0.815,EUPE
2022-04-13,0.6820584535598755,0.82,EUPE
2022-04-15,0.6424663066864014,0.82,EUPE
2022-04-18,0.6945699453353882,0.825,EUPE
2022-04-20,0.7432334423065186,0.84,EUPE
2022-04-22,0.6826714277267456,0.84,EUPE
2022-04-25,0.6504347324371338,0.825,EUPE
2022-04-26,0.700812041759491,0.825,EUPE
2022-04-27,0.7202003002166748,0.825,EUPE
2022-04-28,0.669434666633606,0.835,EUPE
2022-04-29,0.636309027671814,0.84,EUPE
2022-05-05,0.6497339010238647,0.835,EUPE
2022-05-06,0.6493189334869385,0.825,EUPE
2022-05-09,0.6634242534637451,0.825,EUPE
2022-05-10,0.7008614540100098,0.815,EUPE
2022-05-11,0.6668106317520142,0.845,EUPE
2022-05-12,0.6255651712417603,0.835,EUPE
2022-05-13,0.6808512806892395,0.81,EUPE
2022-05-17,0.6969315409660339,0.81,EUPE
2022-05-19,0.6489928960800171,0.82,EUPE
2022-05-20,0.6252896785736084,0.825,EUPE
2022-05-23,0.6406344771385193,0.82,EUPE
2022-05-24,0.6366750597953796,0.81,EUPE
2022-05-25,0.6450797319412231,0.81,EUPE
2022-05-26,0.6880934238433838,0.8,EUPE
2022-05-27,0.6591049432754517,0.8,EUPE
2022-05-30,0.6261640787124634,0.8,EUPE
2022-05-31,0.6626442074775696,0.8,EUPE
2022-01-03,0.6861021518707275,0.6853,HPMT
2022-01-04,0.6963717937469482,0.7052,HPMT
2022-01-05,0.7024028301239014,0.7101,HPMT
2022-01-06,0.6999081373214722,0.73,HPMT
2022-01-07,0.7203729748725891,0.7151,HPMT
2022-01-10,0.687209963798523,0.7201,HPMT
2022-01-11,0.6960753202438354,0.6704,HPMT
2022-01-12,0.7221326231956482,0.6803,HPMT
2022-01-13,0.730402410030365,0.6654,HPMT
2022-01-14,0.6880329847335815,0.6456,HPMT
2022-01-17,0.6641535758972168,0.6555,HPMT
2022-01-19,0.6785479784011841,0.6505,HPMT
2022-01-20,0.6635899543762207,0.6853,HPMT
2022-01-21,0.6866610050201416,0.6654,HPMT
2022-01-24,0.7088152766227722,0.6903,HPMT
2022-01-25,0.6732828617095947,0.6555,HPMT
2022-01-26,0.6575354337692261,0.6754,HPMT
2022-01-27,0.6904457807540894,0.6505,HPMT
2022-01-28,0.7118269801139832,0.6505,HPMT
2022-01-31,0.6605628132820129,0.6605,HPMT
2022-02-03,0.6214631795883179,0.6605,HPMT
2022-02-04,0.6456277966499329,0.6853,HPMT
2022-02-07,0.658918023109436,0.6903,HPMT
2022-02-08,0.649688720703125,0.7052,HPMT
2022-02-09,0.6836615800857544,0.7002,HPMT
2022-02-10,0.6469415426254272,0.6952,HPMT
2022-02-11,0.6398420333862305,0.6903,HPMT
2022-02-14,0.6792781352996826,0.7052,HPMT
2022-02-15,0.6890750527381897,0.6704,HPMT
2022-02-16,0.6332012414932251,0.7052,HPMT
2022-02-17,0.6212493181228638,0.7201,HPMT
2022-02-18,0.6325583457946777,0.7101,HPMT
2022-02-21,0.612431526184082,0.6803,HPMT
2022-02-22,0.6372368335723877,0.6208,HPMT
2022-02-23,0.6727390885353088,0.6406,HPMT
2022-02-24,0.6344871520996094,0.6009,HPMT
2022-02-25,0.6118929386138916,0.6108,HPMT
2022-02-28,0.6395077705383301,0.6009,HPMT
2022-03-01,0.6669650673866272,0.5612,HPMT
2022-03-02,0.6207576394081116,0.5363,HPMT
2022-03-03,0.5830597877502441,0.5264,HPMT
2022-03-04,0.6042588949203491,0.5214,HPMT
2022-03-07,0.6066362261772156,0.4916,HPMT
2022-03-08,0.6110408306121826,0.4966,HPMT
2022-03-09,0.6536010503768921,0.5214,HPMT
2022-03-10,0.6093117594718933,0.5115,HPMT
2022-03-11,0.5815184116363525,0.515,HPMT
2022-03-14,0.6287899017333984,0.51,HPMT
2022-03-15,0.6504763960838318,0.49,HPMT
2022-03-16,0.6033997535705566,0.505,HPMT
2022-03-17,0.5882415175437927,0.505,HPMT
2022-03-18,0.6135708093643188,0.51,HPMT
2022-03-21,0.6023571491241455,0.53,HPMT
2022-03-22,0.6121276617050171,0.53,HPMT
2022-03-23,0.6482582688331604,0.54,HPMT
2022-03-24,0.612788200378418,0.54,HPMT
2022-03-25,0.592739462852478,0.54,HPMT
2022-03-28,0.6171675324440002,0.535,HPMT
2022-03-29,0.6437931656837463,0.535,HPMT
2022-03-30,0.6044746041297913,0.525,HPMT
2022-03-31,0.5838565826416016,0.525,HPMT
2022-04-01,0.60530686378479,0.535,HPMT
2022-04-04,0.6100296378135681,0.54,HPMT
2022-04-05,0.6070907115936279,0.565,HPMT
2022-04-06,0.635930597782135,0.57,HPMT
2022-04-07,0.6011141538619995,0.57,HPMT
2022-04-08,0.5884186625480652,0.55,HPMT
2022-04-11,0.6237897276878357,0.545,HPMT
2022-04-12,0.6426820158958435,0.56,HPMT
2022-04-13,0.6011443138122559,0.56,HPMT
2022-04-14,0.564014196395874,0.545,HPMT
2022-04-15,0.5968167185783386,0.545,HPMT
2022-04-18,0.5742557048797607,0.54,HPMT
2022-04-20,0.5902388095855713,0.54,HPMT
2022-04-21,0.6254740953445435,0.54,HPMT
2022-04-22,0.5865517258644104,0.54,HPMT
2022-04-25,0.5736624002456665,0.53,HPMT
2022-04-26,0.5980992317199707,0.53,HPMT
2022-04-27,0.6207548975944519,0.535,HPMT
2022-04-28,0.5799945592880249,0.535,HPMT
2022-04-29,0.5416702628135681,0.535,HPMT
2022-05-05,0.5584765672683716,0.535,HPMT
2022-05-06,0.5601805448532104,0.53,HPMT
2022-05-09,0.5632126331329346,0.515,HPMT
2022-05-10,0.5964769721031189,0.51,HPMT
2022-05-11,0.5652938485145569,0.525,HPMT
2022-05-12,0.5508495569229126,0.5,HPMT
2022-05-13,0.5804997086524963,0.5,HPMT
2022-05-17,0.5912080407142639,0.5,HPMT
2022-05-18,0.5538837909698486,0.51,HPMT
2022-01-03,2.335209369659424,2.22,ICAP
2022-01-04,2.0221667289733887,2.25,ICAP
2022-01-05,2.1702959537506104,2.24,ICAP
2022-01-06,2.2010440826416016,2.24,ICAP
2022-01-07,2.344578742980957,2.23,ICAP
2022-01-10,2.360766649246216,2.2,ICAP
2022-01-11,2.0013256072998047,2.18,ICAP
2022-01-12,2.4047443866729736,2.18,ICAP
2022-01-13,2.392017602920532,2.15,ICAP
2022-01-14,2.2152059078216557,2.11,ICAP
2022-01-17,2.34094762802124,2.1,ICAP
2022-01-19,2.1522107124328613,2.1,ICAP
2022-01-20,2.301208972930908,2.07,ICAP
2022-01-21,2.309480905532837,2.07,ICAP
2022-01-24,2.368959903717041,2.08,ICAP
2022-01-25,2.331969976425171,2.05,ICAP
2022-01-27,2.078484535217285,2.02,ICAP
2022-01-28,2.353285312652588,2.02,ICAP
2022-01-31,2.3059797286987305,2.01,ICAP
2022-02-04,2.316025972366333,2.01,ICAP
2022-02-07,2.458310127258301,2.0,ICAP
2022-02-08,2.222651958465576,2.05,ICAP
2022-02-09,2.3641505241394043,2.05,ICAP
2022-02-10,2.389930963516236,2.02,ICAP
2022-02-11,2.451568126678467,2.04,ICAP
2022-02-14,2.470598697662353,2.03,ICAP
2022-02-16,2.232600688934326,2.03,ICAP
2022-02-17,2.490358352661133,2.03,ICAP
2022-02-18,2.496208667755127,2.05,ICAP
2022-02-21,2.5035414695739746,2.02,ICAP
2022-02-22,2.591108798980713,2.01,ICAP
2022-02-23,2.370570659637451,2.01,ICAP
2022-02-24,2.4787697792053223,2.01,ICAP
2022-02-25,2.5963850021362305,2.05,ICAP
2022-03-01,2.6665282249450684,2.02,ICAP
2022-03-02,2.5964674949646,2.02,ICAP
2022-03-03,2.4076290130615234,2.02,ICAP
2022-03-04,2.683878898620605,2.01,ICAP
2022-03-07,2.656484603881836,1.99,ICAP
2022-03-08,2.673196315765381,1.97,ICAP
2022-03-09,2.7744503021240234,1.98,ICAP
2022-03-10,2.5718798637390137,1.98,ICAP
2022-03-11,2.7381134033203125,1.97,ICAP
2022-03-14,2.7937402725219727,1.95,ICAP
2022-03-15,2.905539035797119,1.95,ICAP
2022-03-16,2.821929454803467,1.95,ICAP
2022-03-17,2.4862871170043945,1.96,ICAP
2022-03-18,2.8565921783447266,1.97,ICAP
2022-03-21,2.884493112564087,1.95,ICAP
2022-03-22,2.817779541015625,1.93,ICAP
2022-03-23,2.689892292022705,1.94,ICAP
2022-03-24,2.516267776489258,1.96,ICAP
2022-03-25,2.6756691932678223,1.97,ICAP
2022-03-28,2.657816171646118,1.99,ICAP
2022-03-29,2.839290142059326,2.02,ICAP
2022-03-30,2.729903221130371,2.08,ICAP
2022-03-31,2.4568898677825928,2.1,ICAP
2022-04-04,2.7759313583374023,2.15,ICAP
2022-04-05,2.8108222484588623,2.15,ICAP
2022-04-06,2.91254997253418,2.15,ICAP
2022-04-07,2.5744338035583496,2.19,ICAP
2022-04-08,2.521559238433838,2.19,ICAP
2022-04-11,2.491721868515014,2.2,ICAP
2022-04-12,2.5737078189849854,2.2,ICAP
2022-04-14,2.606393814086914,2.15,ICAP
2022-04-15,2.543916702270508,2.13,ICAP
2022-04-21,2.4299442768096924,2.13,ICAP
2022-04-25,2.520458936691284,2.08,ICAP
2022-04-26,2.6487021446228027,2.15,ICAP
2022-04-27,2.825552463531494,2.18,ICAP
2022-04-28,2.5811357498168945,2.19,ICAP
2022-04-29,2.466128349304199,2.17,ICAP
2022-05-06,2.445333480834961,2.15,ICAP
2022-05-09,2.5427136421203613,2.04,ICAP
2022-05-10,2.604193687438965,2.01,ICAP
2022-05-11,2.5425074100494385,2.01,ICAP
2022-05-13,2.40452241897583,2.0,ICAP
2022-05-17,2.65946102142334,2.05,ICAP
2022-05-18,2.6987643241882324,2.07,ICAP
2022-05-19,2.7490780353546143,2.05,ICAP
2022-05-20,2.670753002166748,2.11,ICAP
2022-05-23,2.498624324798584,2.03,ICAP
2022-05-24,2.503117799758911,2.05,ICAP
2022-05-26,2.6158769130706787,2.03,ICAP
2022-05-27,2.7294650077819824,2.07,ICAP
2022-05-30,2.589622974395752,2.07,ICAP
2022-05-31,2.4939370155334477,2.08,ICAP
2022-01-03,1.8461054563522337,1.73,KGB
2022-01-04,1.5862256288528442,1.83,KGB
2022-01-05,1.6496648788452148,1.82,KGB
2022-01-06,1.7824599742889404,1.77,KGB
2022-01-07,1.8251752853393557,1.78,KGB
2022-01-10,1.7842280864715576,1.66,KGB
2022-01-11,1.5477780103683472,1.67,KGB
2022-01-12,1.85149610042572,1.68,KGB
2022-01-13,1.8368537425994875,1.63,KGB
2022-01-14,1.7377924919128418,1.53,KGB
2022-01-17,1.8003710508346558,1.51,KGB
2022-01-19,1.618602275848389,1.46,KGB
2022-01-20,1.7088158130645752,1.53,KGB
2022-01-21,1.7468191385269165,1.47,KGB
2022-01-24,1.7414408922195437,1.43,KGB
2022-01-25,1.7967791557312012,1.36,KGB
2022-01-26,1.6009907722473145,1.5,KGB
2022-01-27,1.828824520111084,1.44,KGB
2022-01-28,1.8625390529632568,1.46,KGB
2022-01-31,1.7313804626464844,1.48,KGB
2022-02-03,1.711022973060608,1.46,KGB
2022-02-04,1.519127368927002,1.47,KGB
2022-02-07,1.5965094566345217,1.49,KGB
2022-02-08,1.621157169342041,1.5,KGB
2022-02-09,1.684911608695984,1.56,KGB
2022-02-10,1.6966493129730225,1.54,KGB
2022-02-11,1.487958908081055,1.53,KGB
2022-02-14,1.7494018077850342,1.43,KGB
2022-02-15,1.7581781148910522,1.48,KGB
2022-02-16,1.6558432579040527,1.49,KGB
2022-02-17,1.6826320886611938,1.49,KGB
2022-02-18,1.54490864276886,1.49,KGB
2022-02-21,1.4852724075317385,1.44,KGB
2022-02-22,1.6290045976638794,1.4,KGB
2022-02-23,1.6480807065963743,1.45,KGB
2022-02-24,1.6242318153381348,1.4,KGB
2022-02-25,1.4367283582687378,1.43,KGB
2022-02-28,1.6717684268951416,1.38,KGB
2022-03-01,1.76039719581604,1.41,KGB
2022-03-02,1.6154446601867676,1.37,KGB
2022-03-03,1.6122709512710571,1.33,KGB
2022-03-04,1.509553074836731,1.26,KGB
2022-03-07,1.4783780574798584,1.19,KGB
2022-03-08,1.525855541229248,1.13,KGB
2022-03-09,1.5627994537353516,1.22,KGB
2022-03-10,1.59106707572937,1.24,KGB
2022-03-11,1.3729873895645142,1.25,KGB
2022-03-14,1.576077580451965,1.23,KGB
2022-03-15,1.6309337615966797,1.16,KGB
2022-03-16,1.6185064315795898,1.23,KGB
2022-03-17,1.599905490875244,1.27,KGB
2022-03-18,1.4920427799224854,1.25,KGB
2022-03-21,1.4834434986114502,1.27,KGB
2022-03-22,1.555963397026062,1.31,KGB
2022-03-23,1.5589390993118286,1.33,KGB
2022-03-24,1.5776643753051758,1.34,KGB
2022-03-25,1.388838291168213,1.37,KGB
2022-03-28,1.5989772081375122,1.37,KGB
2022-03-29,1.6041905879974363,1.37,KGB
2022-03-30,1.6299054622650146,1.35,KGB
2022-03-31,1.6969295740127563,1.37,KGB
2022-04-01,1.5592440366744995,1.37,KGB
2022-04-04,1.577892541885376,1.39,KGB
2022-04-05,1.6598951816558838,1.43,KGB
2022-04-06,1.6557608842849731,1.41,KGB
2022-04-07,1.6325488090515137,1.41,KGB
2022-04-08,1.45171320438385,1.39,KGB
2022-04-11,1.7028919458389282,1.32,KGB
2022-04-12,1.6906150579452517,1.34,KGB
2022-04-13,1.6952292919158936,1.35,KGB
2022-04-14,1.5834444761276243,1.36,KGB
2022-04-15,1.5204561948776243,1.35,KGB
2022-04-18,1.4733772277832031,1.33,KGB
2022-04-20,1.573044776916504,1.35,KGB
2022-04-21,1.6066337823867798,1.33,KGB
2022-04-22,1.5699398517608645,1.31,KGB
2022-04-25,1.3811399936676023,1.25,KGB
2022-04-26,1.6014021635055542,1.27,KGB
2022-04-27,1.590387940406799,1.27,KGB
2022-04-28,1.6132500171661377,1.29,KGB
2022-04-29,1.4939121007919312,1.28,KGB
2022-05-05,1.4295657873153689,1.29,KGB
2022-05-06,1.398909091949463,1.22,KGB
2022-05-09,1.45712411403656,1.21,KGB
2022-05-10,1.4876385927200315,1.18,KGB
2022-05-11,1.444577693939209,1.15,KGB
2022-05-12,1.3296093940734863,1.09,KGB
2022-05-13,1.5109820365905762,1.16,KGB
2022-05-17,1.5059208869934082,1.16,KGB
2022-05-18,1.519890069961548,1.14,KGB
2022-01-03,0.5731402039527893,0.645,KRONO
2022-01-04,0.5793728828430176,0.64,KRONO
2022-01-05,0.5997699499130249,0.65,KRONO
2022-01-06,0.5980679988861084,0.645,KRONO
2022-01-07,0.6237555742263794,0.64,KRONO
2022-01-10,0.5892012119293213,0.63,KRONO
2022-01-11,0.5739243030548096,0.615,KRONO
2022-01-12,0.6159347295761108,0.625,KRONO
2022-01-13,0.6198800206184387,0.615,KRONO
2022-01-14,0.5861197113990784,0.59,KRONO
2022-01-17,0.5587506890296936,0.575,KRONO
2022-01-19,0.5665802955627441,0.56,KRONO
2022-01-20,0.5420559644699097,0.575,KRONO
2022-01-21,0.5714088678359985,0.57,KRONO
2022-01-24,0.603252649307251,0.565,KRONO
2022-01-25,0.5632451176643372,0.56,KRONO
2022-01-26,0.5556868314743042,0.57,KRONO
2022-01-27,0.5861110687255859,0.57,KRONO
2022-01-28,0.5941494107246399,0.565,KRONO
2022-01-31,0.5616167783737183,0.57,KRONO
2022-02-03,0.5141249895095825,0.59,KRONO
2022-02-04,0.529314398765564,0.59,KRONO
2022-02-07,0.5142589211463928,0.595,KRONO
2022-02-08,0.5385176539421082,0.59,KRONO
2022-02-09,0.5765509009361267,0.595,KRONO
2022-02-10,0.5370410680770874,0.595,KRONO
2022-02-11,0.5150476694107056,0.59,KRONO
2022-02-14,0.5579622983932495,0.585,KRONO
2022-02-15,0.565612256526947,0.585,KRONO
2022-02-16,0.5351860523223877,0.575,KRONO
2022-02-17,0.50020432472229,0.575,KRONO
2022-02-18,0.5023475885391235,0.57,KRONO
2022-02-21,0.5142127871513367,0.575,KRONO
2022-02-22,0.5234014391899109,0.57,KRONO
2022-02-23,0.5346478223800659,0.57,KRONO
2022-02-24,0.5145235657691956,0.555,KRONO
2022-02-25,0.4883017539978027,0.565,KRONO
2022-02-28,0.517162561416626,0.57,KRONO
2022-03-01,0.5398073196411133,0.565,KRONO
2022-03-02,0.4997154176235199,0.56,KRONO
2022-03-03,0.4710086584091186,0.54,KRONO
2022-03-04,0.4757455587387085,0.53,KRONO
2022-03-07,0.4797632992267608,0.48,KRONO
2022-03-08,0.4923306107521057,0.46,KRONO
2022-03-09,0.5238138437271118,0.5,KRONO
2022-03-10,0.4893937706947326,0.505,KRONO
2022-03-11,0.4697813689708709,0.5,KRONO
2022-03-14,0.4871077537536621,0.505,KRONO
2022-03-15,0.5082264542579651,0.485,KRONO
2022-03-16,0.4734904766082763,0.505,KRONO
2022-03-17,0.466641753911972,0.51,KRONO
2022-03-18,0.4970546960830688,0.51,KRONO
2022-03-21,0.440506100654602,0.525,KRONO
2022-03-22,0.4986454248428345,0.545,KRONO
2022-03-23,0.5450416803359985,0.56,KRONO
2022-03-24,0.4808345139026642,0.555,KRONO
2022-03-25,0.4786829650402069,0.555,KRONO
2022-03-28,0.4854577779769897,0.55,KRONO
2022-03-29,0.5105785727500916,0.565,KRONO
2022-03-30,0.4713946282863617,0.565,KRONO
2022-03-31,0.4622285962104797,0.56,KRONO
2022-04-01,0.4826904237270355,0.555,KRONO
2022-04-04,0.4678183197975158,0.555,KRONO
2022-04-05,0.4948529005050659,0.56,KRONO
2022-04-06,0.5213146209716797,0.555,KRONO
2022-04-07,0.4905396103858948,0.55,KRONO
2022-04-08,0.4591491222381592,0.545,KRONO
2022-04-11,0.4941763281822204,0.525,KRONO
2022-04-12,0.5120282173156738,0.52,KRONO
2022-04-13,0.4756167232990265,0.525,KRONO
2022-04-14,0.4438567459583282,0.53,KRONO
2022-04-15,0.4755261242389679,0.525,KRONO
2022-04-18,0.4655357897281647,0.52,KRONO
2022-04-20,0.4701950848102569,0.52,KRONO
2022-04-21,0.5021354556083679,0.53,KRONO
2022-04-22,0.4731997847557068,0.53,KRONO
2022-04-25,0.4623461067676544,0.51,KRONO
2022-04-26,0.481187641620636,0.51,KRONO
2022-04-27,0.4950480461120605,0.51,KRONO
2022-04-28,0.4680107533931732,0.515,KRONO
2022-04-29,0.442655861377716,0.52,KRONO
2022-05-05,0.4642440378665924,0.52,KRONO
2022-05-06,0.4492788314819336,0.51,KRONO
2022-05-09,0.4627463221549988,0.5,KRONO
2022-05-10,0.4983805119991302,0.495,KRONO
2022-05-11,0.4638611376285553,0.495,KRONO
2022-05-12,0.4562256634235382,0.47,KRONO
2022-05-13,0.4716419279575348,0.48,KRONO
2022-05-17,0.4833014011383056,0.495,KRONO
2022-05-18,0.4598254561424255,0.49,KRONO
2022-01-03,0.6681227087974548,0.71,LUXCHEM
2022-01-04,0.625575840473175,0.705,LUXCHEM
2022-01-05,0.6832644939422607,0.705,LUXCHEM
2022-01-06,0.6700025796890259,0.705,LUXCHEM
2022-01-07,0.6832451820373535,0.705,LUXCHEM
2022-01-10,0.6614517569541931,0.7,LUXCHEM
2022-01-11,0.6295803785324097,0.695,LUXCHEM
2022-01-12,0.7048777341842651,0.695,LUXCHEM
2022-01-13,0.6951714158058167,0.69,LUXCHEM
2022-01-14,0.6603977680206299,0.685,LUXCHEM
2022-01-17,0.6582133769989014,0.685,LUXCHEM
2022-01-19,0.6220974326133728,0.685,LUXCHEM
2022-01-20,0.6471455097198486,0.68,LUXCHEM
2022-01-21,0.6538482904434204,0.68,LUXCHEM
2022-01-24,0.6720988154411316,0.675,LUXCHEM
2022-01-25,0.6402277946472168,0.675,LUXCHEM
2022-01-26,0.6374751329421997,0.675,LUXCHEM
2022-01-27,0.6931099891662598,0.67,LUXCHEM
2022-01-28,0.6722098588943481,0.67,LUXCHEM
2022-01-31,0.6472917199134827,0.67,LUXCHEM
2022-02-03,0.6293439865112305,0.675,LUXCHEM
2022-02-04,0.632150411605835,0.7,LUXCHEM
2022-02-07,0.6238081455230713,0.725,LUXCHEM
2022-02-08,0.646654486656189,0.72,LUXCHEM
2022-02-09,0.6815986037254333,0.725,LUXCHEM
2022-02-10,0.6387768387794495,0.715,LUXCHEM
2022-02-11,0.6190835237503052,0.715,LUXCHEM
2022-02-14,0.6657935380935669,0.705,LUXCHEM
2022-02-15,0.6753857135772705,0.715,LUXCHEM
2022-02-16,0.623458743095398,0.735,LUXCHEM
2022-02-17,0.5978826284408569,0.735,LUXCHEM
2022-02-18,0.606318473815918,0.735,LUXCHEM
2022-02-21,0.6000789403915405,0.705,LUXCHEM
2022-02-22,0.622153639793396,0.7,LUXCHEM
2022-02-23,0.6489731073379517,0.71,LUXCHEM
2022-02-24,0.6093276143074036,0.7,LUXCHEM
2022-02-25,0.5983940958976746,0.69,LUXCHEM
2022-02-28,0.6318988800048828,0.69,LUXCHEM
2022-03-01,0.6478761434555054,0.69,LUXCHEM
2022-03-02,0.5939000248908997,0.695,LUXCHEM
2022-03-03,0.5752488374710083,0.695,LUXCHEM
2022-03-04,0.5858331918716431,0.68,LUXCHEM
2022-03-07,0.5664368271827698,0.675,LUXCHEM
2022-03-08,0.6043928861618042,0.655,LUXCHEM
2022-03-09,0.6449141502380371,0.655,LUXCHEM
2022-03-10,0.5950013995170593,0.665,LUXCHEM
2022-03-11,0.5718989372253418,0.66,LUXCHEM
2022-03-14,0.6057558655738831,0.66,LUXCHEM
2022-03-15,0.6219426393508911,0.665,LUXCHEM
2022-03-16,0.5796805024147034,0.67,LUXCHEM
2022-03-17,0.5478678941726685,0.67,LUXCHEM
2022-03-18,0.5659062266349792,0.67,LUXCHEM
2022-03-21,0.541698694229126,0.685,LUXCHEM
2022-03-22,0.5780462026596069,0.68,LUXCHEM
2022-03-23,0.6170439720153809,0.68,LUXCHEM
2022-03-24,0.5680025219917297,0.675,LUXCHEM
2022-03-25,0.5471482276916504,0.69,LUXCHEM
2022-03-28,0.5797414779663086,0.675,LUXCHEM
2022-03-29,0.6026375889778137,0.68,LUXCHEM
2022-03-30,0.5568689703941345,0.685,LUXCHEM
2022-03-31,0.5390666723251343,0.715,LUXCHEM
2022-04-01,0.5577585101127625,0.715,LUXCHEM
2022-04-04,0.5429044365882874,0.73,LUXCHEM
2022-04-05,0.5696541666984558,0.73,LUXCHEM
2022-04-06,0.6037229895591736,0.72,LUXCHEM
2022-04-07,0.5690215826034546,0.705,LUXCHEM
2022-04-08,0.5348563194274902,0.71,LUXCHEM
2022-04-11,0.5678391456604004,0.705,LUXCHEM
2022-04-12,0.5906258821487427,0.705,LUXCHEM
2022-04-13,0.5511941909790039,0.715,LUXCHEM
2022-04-14,0.5220916867256165,0.705,LUXCHEM
2022-04-15,0.5440949201583862,0.7,LUXCHEM
2022-04-18,0.5399117469787598,0.7,LUXCHEM
2022-04-20,0.5500006675720215,0.685,LUXCHEM
2022-04-21,0.5822595357894897,0.69,LUXCHEM
2022-04-22,0.5544232130050659,0.7,LUXCHEM
2022-04-25,0.5320860147476196,0.68,LUXCHEM
2022-04-26,0.5590193271636963,0.69,LUXCHEM
2022-04-27,0.5775660276412964,0.68,LUXCHEM
2022-04-28,0.5354280471801758,0.68,LUXCHEM
2022-04-29,0.5274226069450378,0.675,LUXCHEM
2022-05-05,0.5538920164108276,0.675,LUXCHEM
2022-05-06,0.5320252180099487,0.675,LUXCHEM
2022-05-09,0.5549881458282471,0.67,LUXCHEM
2022-05-10,0.6013350486755371,0.665,LUXCHEM
2022-05-11,0.5591413378715515,0.665,LUXCHEM
2022-05-12,0.5378174781799316,0.66,LUXCHEM
2022-05-13,0.5608040690422058,0.66,LUXCHEM
2022-05-17,0.5814439654350281,0.66,LUXCHEM
2022-05-18,0.5456753373146057,0.67,LUXCHEM
2022-01-03,1.3012995719909668,1.23,MKH
2022-01-04,1.0754306316375732,1.25,MKH
2022-01-05,1.1583446264266968,1.24,MKH
2022-01-06,1.238803505897522,1.23,MKH
2022-01-07,1.316038727760315,1.24,MKH
2022-01-10,1.292757272720337,1.23,MKH
2022-01-11,1.0477415323257446,1.24,MKH
2022-01-12,1.351570963859558,1.23,MKH
2022-01-13,1.3637276887893677,1.24,MKH
2022-01-14,1.219421625137329,1.23,MKH
2022-01-17,1.3326798677444458,1.24,MKH
2022-01-19,1.1271697282791138,1.23,MKH
2022-01-20,1.1504439115524292,1.23,MKH
2022-01-21,1.2530276775360107,1.23,MKH
2022-01-24,1.3147878646850586,1.22,MKH
2022-01-25,1.4360909461975098,1.22,MKH
2022-01-26,1.182397961616516,1.22,MKH
2022-01-27,1.380151391029358,1.24,MKH
2022-01-28,1.4022160768508911,1.23,MKH
2022-01-31,1.161963701248169,1.24,MKH
2022-02-03,1.2666507959365845,1.3,MKH
2022-02-04,1.1606976985931396,1.28,MKH
2022-02-07,1.1412513256072998,1.33,MKH
2022-02-08,1.2314705848693848,1.31,MKH
2022-02-09,1.2454482316970823,1.29,MKH
2022-02-10,1.266930103302002,1.31,MKH
2022-02-11,1.1338478326797483,1.33,MKH
2022-02-14,1.2728166580200195,1.3,MKH
2022-02-15,1.3180371522903442,1.33,MKH
2022-02-16,1.1611998081207275,1.33,MKH
2022-02-17,1.342545509338379,1.37,MKH
2022-02-18,1.1258844137191772,1.37,MKH
2022-02-21,1.1692179441452026,1.38,MKH
2022-02-22,1.2371195554733276,1.41,MKH
2022-02-23,1.273279905319214,1.44,MKH
2022-02-24,1.352128505706787,1.45,MKH
2022-02-25,1.169376015663147,1.46,MKH
2022-02-28,1.352392315864563,1.42,MKH
2022-03-01,1.3515005111694336,1.37,MKH
2022-03-02,1.197359323501587,1.4,MKH
2022-03-03,1.2774875164031982,1.42,MKH
2022-03-04,1.0234071016311646,1.37,MKH
2022-03-07,1.0690397024154663,1.32,MKH
2022-03-08,1.2189152240753174,1.31,MKH
2022-03-09,1.2241311073303225,1.31,MKH
2022-03-10,1.3079781532287598,1.31,MKH
2022-03-11,1.0183409452438354,1.31,MKH
2022-03-14,1.2691570520401,1.29,MKH
2022-03-15,1.314820408821106,1.28,MKH
2022-03-16,1.1099674701690674,1.29,MKH
2022-03-17,1.189761996269226,1.31,MKH
2022-03-18,1.1067726612091064,1.31,MKH
2022-03-21,1.1488850116729736,1.33,MKH
2022-03-22,1.1875360012054443,1.31,MKH
2022-03-23,1.216556191444397,1.31,MKH
2022-03-24,1.202053785324097,1.31,MKH
2022-03-25,1.057108759880066,1.36,MKH
2022-03-28,1.2313145399093628,1.37,MKH
2022-03-29,1.2608225345611572,1.36,MKH
2022-03-30,1.1405525207519531,1.33,MKH
2022-03-31,1.202741622924805,1.35,MKH
2022-04-01,1.116370677947998,1.33,MKH
2022-04-04,1.125067949295044,1.35,MKH
2022-04-05,1.169296145439148,1.36,MKH
2022-04-06,1.2172695398330688,1.39,MKH
2022-04-07,1.2167868614196775,1.39,MKH
2022-04-08,1.055762529373169,1.39,MKH
2022-04-11,1.2242332696914673,1.4,MKH
2022-04-12,1.2805074453353882,1.4,MKH
2022-04-13,1.1856379508972168,1.4,MKH
2022-04-14,1.2085809707641602,1.38,MKH
2022-04-15,1.1603472232818604,1.37,MKH
2022-04-18,1.1189634799957275,1.36,MKH
2022-04-20,1.1830464601516724,1.38,MKH
2022-04-21,1.2252559661865234,1.41,MKH
2022-04-22,1.2183561325073242,1.41,MKH
2022-04-25,1.0758363008499146,1.38,MKH
2022-04-26,1.214538335800171,1.36,MKH
2022-04-27,1.280834674835205,1.35,MKH
2022-04-28,1.1867644786834717,1.36,MKH
2022-04-29,1.2096123695373535,1.37,MKH
2022-05-05,1.1362080574035645,1.37,MKH
2022-05-06,1.1487455368041992,1.36,MKH
2022-05-09,1.1933459043502808,1.33,MKH
2022-05-10,1.2132019996643066,1.31,MKH
2022-05-11,1.2199397087097168,1.33,MKH
2022-05-12,1.072288990020752,1.3,MKH
2022-05-13,1.209533929824829,1.31,MKH
2022-05-17,1.253727674484253,1.31,MKH
2022-05-18,1.1819138526916504,1.32,MKH
2022-01-03,0.4659428894519806,0.46,OCK
2022-01-04,0.4525229334831238,0.46,OCK
2022-01-05,0.4724501967430115,0.465,OCK
2022-01-06,0.4778644740581512,0.47,OCK
2022-01-07,0.483927309513092,0.465,OCK
2022-01-10,0.4540311396121979,0.46,OCK
2022-01-11,0.4457314610481262,0.455,OCK
2022-01-12,0.4859598875045776,0.45,OCK
2022-01-13,0.4907792210578918,0.45,OCK
2022-01-14,0.4668256044387817,0.45,OCK
2022-01-17,0.446840226650238,0.445,OCK
2022-01-19,0.4621428251266479,0.445,OCK
2022-01-20,0.4441204667091369,0.435,OCK
2022-01-21,0.4638364613056183,0.43,OCK
2022-01-24,0.4949671626091003,0.435,OCK
2022-01-25,0.458143800497055,0.43,OCK
2022-01-26,0.4591107368469238,0.43,OCK
2022-01-27,0.4791818857192993,0.425,OCK
2022-01-28,0.4784125685691833,0.425,OCK
2022-01-31,0.4631425142288208,0.42,OCK
2022-02-03,0.4296938180923462,0.425,OCK
2022-02-04,0.4454270899295807,0.435,OCK
2022-02-07,0.4430702626705169,0.425,OCK
2022-02-08,0.4515199661254883,0.43,OCK
2022-02-09,0.4769436120986938,0.43,OCK
2022-02-10,0.4500746130943298,0.425,OCK
2022-02-11,0.4401072263717651,0.415,OCK
2022-02-14,0.465755820274353,0.415,OCK
2022-02-15,0.4662634134292602,0.42,OCK
2022-02-16,0.4473576843738556,0.42,OCK
2022-02-17,0.4082785248756408,0.42,OCK
2022-02-18,0.4144721627235412,0.42,OCK
2022-02-21,0.4177733659744262,0.415,OCK
2022-02-22,0.4253436923027038,0.405,OCK
2022-02-23,0.4397817254066467,0.405,OCK
2022-02-24,0.4201614558696747,0.4,OCK
2022-02-25,0.4066003561019897,0.405,OCK
2022-02-28,0.4265140891075134,0.4,OCK
2022-03-01,0.4384661316871643,0.395,OCK
2022-03-02,0.4160533547401428,0.395,OCK
2022-03-03,0.3743845522403717,0.4,OCK
2022-03-04,0.3814866840839386,0.4,OCK
2022-03-07,0.3704017996788025,0.39,OCK
2022-03-08,0.3943045735359192,0.385,OCK
2022-03-09,0.4197365343570709,0.4,OCK
2022-03-10,0.3848515152931213,0.4,OCK
2022-03-11,0.3686099052429199,0.405,OCK
2022-03-14,0.3829730153083801,0.4,OCK
2022-03-15,0.4021022915840149,0.39,OCK
2022-03-16,0.3840594291687011,0.4,OCK
2022-03-17,0.3539028763771057,0.405,OCK
2022-03-18,0.3785978555679321,0.395,OCK
2022-03-21,0.354771077632904,0.405,OCK
2022-03-22,0.3841448724269867,0.405,OCK
2022-03-23,0.4147692918777466,0.405,OCK
2022-03-24,0.375607281923294,0.4,OCK
2022-03-25,0.3542427122592926,0.41,OCK
2022-03-28,0.3742544054985046,0.425,OCK
2022-03-29,0.3960200846195221,0.425,OCK
2022-03-30,0.3795671164989471,0.42,OCK
2022-03-31,0.3500900566577911,0.425,OCK
2022-04-01,0.3761205971240997,0.43,OCK
2022-04-04,0.3629971146583557,0.43,OCK
2022-04-05,0.3813311457633972,0.43,OCK
2022-04-06,0.4043606221675873,0.43,OCK
2022-04-07,0.3795339465141296,0.42,OCK
2022-04-08,0.3543002009391784,0.43,OCK
2022-04-11,0.3728873431682586,0.43,OCK
2022-04-12,0.3957164883613586,0.425,OCK
2022-04-13,0.3715255260467529,0.43,OCK
2022-04-14,0.3495410084724426,0.43,OCK
2022-04-15,0.3844106793403625,0.43,OCK
2022-04-18,0.3681372702121734,0.435,OCK
2022-04-20,0.3819530606269836,0.435,OCK
2022-04-21,0.4056507349014282,0.435,OCK
2022-04-22,0.3771530985832214,0.425,OCK
2022-04-25,0.3664534091949463,0.425,OCK
2022-04-26,0.3763949573040008,0.425,OCK
2022-04-27,0.3984027504920959,0.425,OCK
2022-04-28,0.3722100257873535,0.425,OCK
2022-04-29,0.3546823859214782,0.42,OCK
2022-05-05,0.383026659488678,0.425,OCK
2022-05-06,0.3684009313583374,0.405,OCK
2022-05-09,0.3799628615379333,0.4,OCK
2022-05-10,0.4061176180839538,0.41,OCK
2022-05-11,0.3782746195793152,0.41,OCK
2022-05-12,0.3753605484962463,0.39,OCK
2022-05-13,0.3827912211418152,0.4,OCK
2022-05-17,0.3940346837043762,0.4,OCK
2022-05-18,0.37590491771698,0.39,OCK
2022-01-03,0.3612622916698456,0.395,OCNCASH
2022-01-04,0.3730049729347229,0.39,OCNCASH
2022-01-05,0.3615292310714721,0.4,OCNCASH
2022-01-06,0.3816292881965637,0.4,OCNCASH
2022-01-07,0.4058875143527984,0.405,OCNCASH
2022-01-10,0.3756523132324219,0.4,OCNCASH
2022-01-11,0.3663001954555511,0.395,OCNCASH
2022-01-12,0.3732326626777649,0.395,OCNCASH
2022-01-13,0.3918657302856445,0.39,OCNCASH
2022-01-14,0.3688912689685821,0.39,OCNCASH
2022-01-17,0.3198917210102081,0.395,OCNCASH
2022-01-19,0.3552647531032562,0.385,OCNCASH
2022-01-20,0.3273095786571502,0.385,OCNCASH
2022-01-21,0.3555105924606323,0.375,OCNCASH
2022-01-24,0.3797409534454345,0.375,OCNCASH
2022-01-25,0.3434836268424988,0.38,OCNCASH
2022-01-26,0.3413484990596771,0.385,OCNCASH
2022-01-27,0.3431283235549927,0.38,OCNCASH
2022-01-28,0.3668632507324219,0.375,OCNCASH
2022-02-03,0.3363708853721618,0.38,OCNCASH
2022-02-04,0.3108746707439422,0.385,OCNCASH
2022-02-07,0.336059033870697,0.395,OCNCASH
2022-02-08,0.3281950354576111,0.395,OCNCASH
2022-02-09,0.3415510654449463,0.39,OCNCASH
2022-02-10,0.3551712036132812,0.385,OCNCASH
2022-02-11,0.3356336951255798,0.385,OCNCASH
2022-02-14,0.3133201003074646,0.375,OCNCASH
2022-02-15,0.3335530757904053,0.375,OCNCASH
2022-02-16,0.3567376136779785,0.38,OCNCASH
2022-02-17,0.3298722505569458,0.385,OCNCASH
2022-02-18,0.3027504980564117,0.38,OCNCASH
2022-02-21,0.3271168172359466,0.38,OCNCASH
2022-02-22,0.3144720196723938,0.375,OCNCASH
2022-02-23,0.3264495134353637,0.38,OCNCASH
2022-02-24,0.3487274050712585,0.37,OCNCASH
2022-02-25,0.3228616416454315,0.375,OCNCASH
2022-02-28,0.3204107284545898,0.37,OCNCASH
2022-03-01,0.3231395483016968,0.37,OCNCASH
2022-03-02,0.339089035987854,0.365,OCNCASH
2022-03-03,0.3196999728679657,0.365,OCNCASH
2022-03-04,0.2890297770500183,0.355,OCNCASH
2022-03-07,0.322399377822876,0.34,OCNCASH
2022-03-08,0.3029464781284332,0.33,OCNCASH
2022-03-09,0.3199346363544464,0.34,OCNCASH
2022-03-10,0.3403110206127167,0.345,OCNCASH
2022-03-11,0.3116232454776764,0.35,OCNCASH
2022-03-14,0.3088443279266357,0.355,OCNCASH
2022-03-15,0.3135051429271698,0.35,OCNCASH
2022-03-17,0.3307589888572693,0.345,OCNCASH
2022-03-18,0.3101587891578674,0.34,OCNCASH
2022-03-21,0.2957254648208618,0.34,OCNCASH
2022-03-22,0.3229434490203857,0.345,OCNCASH
2022-03-23,0.3124868273735046,0.35,OCNCASH
2022-03-24,0.3247811198234558,0.345,OCNCASH
2022-03-25,0.343461126089096,0.35,OCNCASH
2022-03-28,0.3157747387886047,0.365,OCNCASH
2022-03-29,0.3110688030719757,0.355,OCNCASH
2022-03-30,0.3198892474174499,0.355,OCNCASH
2022-03-31,0.3365710079669952,0.35,OCNCASH
2022-04-01,0.3142639696598053,0.365,OCNCASH
2022-04-04,0.3120598495006561,0.355,OCNCASH
2022-04-05,0.3358306884765625,0.35,OCNCASH
2022-04-06,0.3158817589282989,0.355,OCNCASH
2022-04-07,0.3367795646190643,0.355,OCNCASH
2022-04-08,0.366359531879425,0.355,OCNCASH
2022-04-11,0.3319291472434997,0.36,OCNCASH
2022-04-12,0.3255255222320556,0.36,OCNCASH
2022-04-13,0.3329285383224487,0.355,OCNCASH
2022-04-14,0.3441266417503357,0.36,OCNCASH
2022-04-15,0.3339858055114746,0.355,OCNCASH
2022-04-18,0.3011538684368133,0.355,OCNCASH
2022-04-20,0.3227858245372772,0.355,OCNCASH
2022-04-21,0.3131638169288635,0.35,OCNCASH
2022-04-22,0.3291425704956054,0.355,OCNCASH
2022-04-25,0.3493303656578064,0.355,OCNCASH
2022-04-26,0.3225675523281097,0.355,OCNCASH
2022-04-27,0.3083391189575195,0.35,OCNCASH
2022-04-28,0.3261096477508545,0.34,OCNCASH
2022-04-29,0.3368812799453735,0.345,OCNCASH
2022-05-05,0.3225977420806885,0.36,OCNCASH
2022-05-06,0.2919131815433502,0.345,OCNCASH
2022-05-09,0.3122381865978241,0.34,OCNCASH
2022-05-10,0.3001666963100433,0.345,OCNCASH
2022-05-11,0.3154284358024597,0.345,OCNCASH
2022-05-12,0.3423604071140289,0.345,OCNCASH
2022-05-13,0.3150006234645843,0.34,OCNCASH
2022-05-17,0.3003883957862854,0.34,OCNCASH
2022-05-18,0.3139196634292602,0.34,OCNCASH
2022-05-19,0.3240507841110229,0.34,OCNCASH
2022-05-20,0.3180259466171264,0.34,OCNCASH
2022-01-03,2.7111968994140625,2.81,PADINI
2022-01-04,2.4554543495178223,2.9,PADINI
2022-01-05,2.6529581546783447,2.91,PADINI
2022-01-06,2.6739861965179443,3.0,PADINI
2022-01-07,2.8017406463623047,2.94,PADINI
2022-01-10,2.790494680404663,3.01,PADINI
2022-01-11,2.4727439880371094,3.0,PADINI
2022-01-12,2.744767189025879,3.01,PADINI
2022-01-13,2.76386833190918,3.0,PADINI
2022-01-14,2.7141246795654297,2.98,PADINI
2022-01-17,2.855961799621582,2.92,PADINI
2022-01-19,2.654053211212158,2.83,PADINI
2022-01-20,2.7380685806274414,2.87,PADINI
2022-01-21,2.880380868911743,2.85,PADINI
2022-01-24,2.8942556381225586,2.82,PADINI
2022-01-25,2.8210158348083496,2.9,PADINI
2022-01-26,2.644995927810669,2.87,PADINI
2022-01-27,2.962240219116211,2.84,PADINI
2022-01-28,2.914212703704834,2.93,PADINI
2022-01-31,2.835287094116211,2.87,PADINI
2022-02-03,3.1050901412963867,2.84,PADINI
2022-02-04,2.8167977333068848,2.83,PADINI
2022-02-07,2.957603454589844,2.78,PADINI
2022-02-08,3.029770374298096,2.84,PADINI
2022-02-09,3.2347731590271,2.82,PADINI
2022-02-10,3.0295212268829346,2.9,PADINI
2022-02-11,2.8825457096099854,3.0,PADINI
2022-02-14,3.188903570175171,3.03,PADINI
2022-02-15,3.0288615226745605,3.04,PADINI
2022-02-16,3.1582727432250977,3.02,PADINI
2022-02-17,2.966740131378174,3.03,PADINI
2022-02-18,2.7715888023376465,3.09,PADINI
2022-02-21,2.796569347381592,3.15,PADINI
2022-02-22,2.82644271850586,3.1,PADINI
2022-02-23,3.0206727981567383,3.12,PADINI
2022-02-24,2.872187376022339,3.22,PADINI
2022-02-25,2.765427589416504,3.36,PADINI
2022-02-28,2.8574295043945312,3.37,PADINI
2022-03-01,2.8208954334259038,3.37,PADINI
2022-03-02,3.013202667236328,3.29,PADINI
2022-03-03,2.737321376800537,3.33,PADINI
2022-03-04,2.5346226692199707,3.3,PADINI
2022-03-07,2.716824531555176,3.2,PADINI
2022-03-08,2.6928157806396484,3.2,PADINI
2022-03-09,2.828284740447998,3.3,PADINI
2022-03-10,2.689272165298462,3.29,PADINI
2022-03-11,2.566011428833008,3.29,PADINI
2022-03-14,2.819462776184082,3.34,PADINI
2022-03-15,2.8203163146972656,3.3,PADINI
2022-03-16,2.818483829498291,3.32,PADINI
2022-03-17,2.835238456726074,3.28,PADINI
2022-03-18,2.534182548522949,3.36,PADINI
2022-03-21,2.776797294616699,3.39,PADINI
2022-03-22,2.806870222091675,3.32,PADINI
2022-03-23,2.958343029022217,3.28,PADINI
2022-03-24,2.8612077236175537,3.25,PADINI
2022-03-25,2.6666035652160645,3.29,PADINI
2022-03-28,2.9893593788146973,3.32,PADINI
2022-03-29,2.8751866817474365,3.34,PADINI
2022-03-30,2.7672677040100098,3.36,PADINI
2022-03-31,3.125472068786621,3.45,PADINI
2022-04-01,2.8282876014709477,3.35,PADINI
2022-04-04,2.8611257076263428,3.43,PADINI
2022-04-05,3.0459272861480717,3.42,PADINI
2022-04-06,3.229094982147217,3.37,PADINI
2022-04-07,2.939484119415283,3.4,PADINI
2022-04-08,3.053565263748169,3.39,PADINI
2022-04-11,3.211487293243408,3.39,PADINI
2022-04-12,3.0568995475769043,3.35,PADINI
2022-04-13,3.100341320037842,3.35,PADINI
2022-04-14,3.3642067909240723,3.39,PADINI
2022-04-15,2.90836763381958,3.32,PADINI
2022-04-18,3.1802711486816406,3.33,PADINI
2022-04-20,3.279867887496948,3.41,PADINI
2022-04-21,3.563343048095703,3.35,PADINI
2022-04-22,3.267348289489746,3.26,PADINI
2022-04-25,3.055006742477417,3.3,PADINI
2022-04-26,3.565001964569092,3.29,PADINI
2022-04-27,3.381996154785156,3.22,PADINI
2022-04-28,3.3748199939727783,3.38,PADINI
2022-04-29,3.411029815673828,3.43,PADINI
2022-05-05,3.2159223556518555,3.45,PADINI
2022-05-06,3.438533306121826,3.44,PADINI
2022-05-09,3.47102165222168,3.31,PADINI
2022-05-10,3.4589757919311523,3.37,PADINI
2022-05-11,3.323105335235596,3.3,PADINI
2022-05-12,3.122720241546631,3.33,PADINI
2022-05-13,3.379448413848877,3.36,PADINI
2022-05-17,3.330519914627075,3.33,PADINI
2022-05-18,3.5597286224365234,3.3,PADINI
2022-01-03,0.2420699298381805,0.195,PARKSON
2022-01-04,0.2633830904960632,0.19,PARKSON
2022-01-05,0.2504501342773437,0.195,PARKSON
2022-01-06,0.2607102394104004,0.195,PARKSON
2022-01-07,0.2726192772388458,0.2,PARKSON
2022-01-10,0.2489418685436248,0.2,PARKSON
2022-01-11,0.2584194839000702,0.205,PARKSON
2022-01-12,0.2588658034801483,0.21,PARKSON
2022-01-13,0.2673744857311249,0.2,PARKSON
2022-01-14,0.2600024044513702,0.2,PARKSON
2022-01-17,0.2592337131500244,0.195,PARKSON
2022-01-19,0.2898047566413879,0.195,PARKSON
2022-01-20,0.2720047235488891,0.19,PARKSON
2022-01-21,0.2834651470184326,0.19,PARKSON
2022-01-24,0.3168118298053741,0.195,PARKSON
2022-01-25,0.2898605465888977,0.19,PARKSON
2022-01-26,0.2820947468280792,0.2,PARKSON
2022-01-27,0.2928107976913452,0.19,PARKSON
2022-01-28,0.2915040254592895,0.19,PARKSON
2022-01-31,0.2956258654594421,0.19,PARKSON
2022-02-03,0.2888239324092865,0.19,PARKSON
2022-02-04,0.304498016834259,0.19,PARKSON
2022-02-07,0.3129011392593384,0.19,PARKSON
2022-02-08,0.3169206380844116,0.19,PARKSON
2022-02-09,0.3284347355365753,0.195,PARKSON
2022-02-10,0.3057051301002502,0.195,PARKSON
2022-02-11,0.2928453683853149,0.19,PARKSON
2022-02-14,0.3154422342777252,0.19,PARKSON
2022-02-15,0.319263219833374,0.19,PARKSON
2022-02-16,0.3189280331134796,0.19,PARKSON
2022-02-17,0.3203001618385315,0.19,PARKSON
2022-02-18,0.2931322455406189,0.19,PARKSON
2022-02-21,0.3137565851211548,0.185,PARKSON
2022-02-22,0.3264374136924743,0.185,PARKSON
2022-02-23,0.3107997477054596,0.18,PARKSON
2022-02-24,0.3013664186000824,0.175,PARKSON
2022-02-25,0.2757628560066223,0.18,PARKSON
2022-02-28,0.3020404279232025,0.18,PARKSON
2022-03-01,0.3185345828533172,0.18,PARKSON
2022-03-02,0.3192175030708313,0.17,PARKSON
2022-03-03,0.2976643145084381,0.175,PARKSON
2022-03-04,0.2912868857383728,0.17,PARKSON
2022-03-07,0.2952698469161987,0.16,PARKSON
2022-03-08,0.3097040355205536,0.155,PARKSON
2022-03-09,0.3118226230144501,0.16,PARKSON
2022-03-10,0.2912330031394958,0.17,PARKSON
2022-03-11,0.2696060538291931,0.16,PARKSON
2022-03-14,0.2963699102401733,0.16,PARKSON
2022-03-15,0.3137292265892029,0.155,PARKSON
2022-03-16,0.3112884759902954,0.165,PARKSON
2022-03-17,0.3143185377120971,0.17,PARKSON
2022-03-18,0.3150993883609772,0.175,PARKSON
2022-03-21,0.3207773864269256,0.175,PARKSON
2022-03-22,0.3340296447277069,0.17,PARKSON
2022-03-23,0.3343693614006042,0.18,PARKSON
2022-03-24,0.30226731300354,0.18,PARKSON
2022-03-25,0.2881649136543274,0.175,PARKSON
2022-03-28,0.3260803818702698,0.175,PARKSON
2022-03-29,0.3447608649730682,0.175,PARKSON
2022-03-30,0.3292295634746551,0.18,PARKSON
2022-03-31,0.3444085717201233,0.18,PARKSON
2022-04-01,0.3431950211524963,0.19,PARKSON
2022-04-04,0.3582822382450104,0.19,PARKSON
2022-04-05,0.3609878122806549,0.19,PARKSON
2022-04-06,0.3644639849662781,0.19,PARKSON
2022-04-07,0.3396997451782226,0.185,PARKSON
2022-04-08,0.3271353840827942,0.19,PARKSON
2022-04-11,0.3638970255851745,0.19,PARKSON
2022-04-12,0.3780960142612457,0.19,PARKSON
2022-04-13,0.3566618859767914,0.185,PARKSON
2022-04-14,0.3703693747520447,0.17,PARKSON
2022-04-15,0.3884837627410888,0.17,PARKSON
2022-04-18,0.3914474844932556,0.17,PARKSON
2022-04-20,0.3932594060897827,0.175,PARKSON
2022-04-21,0.3891884684562683,0.17,PARKSON
2022-04-22,0.3653058409690857,0.165,PARKSON
2022-04-25,0.3705977499485016,0.165,PARKSON
2022-04-26,0.3866732716560364,0.17,PARKSON
2022-04-27,0.4072476327419281,0.165,PARKSON
2022-04-28,0.38442462682724,0.17,PARKSON
2022-04-29,0.3850457668304443,0.17,PARKSON
2022-05-05,0.4098440408706665,0.17,PARKSON
2022-05-06,0.4125827550888061,0.17,PARKSON
2022-05-09,0.412345290184021,0.17,PARKSON
2022-05-10,0.4108487963676452,0.17,PARKSON
2022-05-11,0.3914488554000854,0.165,PARKSON
2022-05-12,0.3972038924694061,0.165,PARKSON
2022-05-13,0.4080598950386047,0.165,PARKSON
2022-05-17,0.4240232706069946,0.16,PARKSON
2022-05-18,0.4040865898132324,0.16,PARKSON
2022-01-03,0.5401235222816467,0.56,SALUTE
2022-01-04,0.5584576725959778,0.55,SALUTE
2022-01-05,0.5286632180213928,0.545,SALUTE
2022-01-06,0.5699602365493774,0.53,SALUTE
2022-01-07,0.6007941365242004,0.54,SALUTE
2022-01-10,0.543910026550293,0.525,SALUTE
2022-01-11,0.5415079593658447,0.53,SALUTE
2022-01-12,0.5751285552978516,0.55,SALUTE
2022-01-13,0.5876330137252808,0.545,SALUTE
2022-01-14,0.5398450493812561,0.515,SALUTE
2022-01-17,0.5181594491004944,0.52,SALUTE
2022-01-19,0.5255900621414185,0.475,SALUTE
2022-01-20,0.5192668437957764,0.485,SALUTE
2022-01-21,0.5451046228408813,0.475,SALUTE
2022-01-24,0.5734856128692627,0.51,SALUTE
2022-01-25,0.5328999757766724,0.49,SALUTE
2022-01-26,0.5115596055984497,0.495,SALUTE
2022-01-27,0.55787193775177,0.485,SALUTE
2022-01-28,0.5638206601142883,0.485,SALUTE
2022-01-31,0.5212623476982117,0.49,SALUTE
2022-02-03,0.4967333376407623,0.485,SALUTE
2022-02-04,0.5122523307800293,0.485,SALUTE
2022-02-07,0.507360577583313,0.48,SALUTE
2022-02-08,0.5165482759475708,0.475,SALUTE
2022-02-09,0.5503841638565063,0.485,SALUTE
2022-02-10,0.5154062509536743,0.485,SALUTE
2022-02-11,0.5126245021820068,0.485,SALUTE
2022-02-14,0.5424502491950989,0.475,SALUTE
2022-02-15,0.5398050546646118,0.48,SALUTE
2022-02-16,0.5162593722343445,0.475,SALUTE
2022-02-17,0.4748462438583374,0.48,SALUTE
2022-02-18,0.4787185192108154,0.48,SALUTE
2022-02-21,0.4754113554954529,0.445,SALUTE
2022-02-22,0.4978631734848022,0.445,SALUTE
2022-02-23,0.5157637596130371,0.44,SALUTE
2022-02-24,0.4825482964515686,0.425,SALUTE
2022-02-25,0.4643076658248901,0.415,SALUTE
2022-02-28,0.4946938157081604,0.42,SALUTE
2022-03-01,0.512017548084259,0.41,SALUTE
2022-03-02,0.475600391626358,0.385,SALUTE
2022-03-03,0.4514132738113403,0.385,SALUTE
2022-03-04,0.4626579880714416,0.355,SALUTE
2022-03-07,0.4600591659545898,0.335,SALUTE
2022-03-08,0.475401222705841,0.345,SALUTE
2022-03-09,0.5108428001403809,0.34,SALUTE
2022-03-10,0.4809830486774444,0.345,SALUTE
2022-03-11,0.4508106708526611,0.355,SALUTE
2022-03-14,0.4779937863349914,0.34,SALUTE
2022-03-15,0.494261085987091,0.33,SALUTE
2022-03-16,0.4708275496959686,0.335,SALUTE
2022-03-17,0.4348182380199432,0.355,SALUTE
2022-03-18,0.4667807817459106,0.35,SALUTE
2022-03-21,0.4322370290756225,0.345,SALUTE
2022-03-22,0.4668441414833069,0.34,SALUTE
2022-03-23,0.5020748376846313,0.36,SALUTE
2022-03-24,0.4602712392807007,0.35,SALUTE
2022-03-25,0.4511013329029083,0.355,SALUTE
2022-03-28,0.4672132730484009,0.35,SALUTE
2022-03-29,0.4877012372016907,0.355,SALUTE
2022-03-30,0.4535578787326813,0.395,SALUTE
2022-03-31,0.4247495532035827,0.415,SALUTE
2022-04-01,0.4489431977272033,0.42,SALUTE
2022-04-04,0.4324887990951538,0.415,SALUTE
2022-04-05,0.4600197672843933,0.42,SALUTE
2022-04-06,0.4890824854373932,0.415,SALUTE
2022-04-07,0.456922173500061,0.385,SALUTE
2022-04-08,0.4283357262611389,0.385,SALUTE
2022-04-11,0.4538857638835907,0.38,SALUTE
2022-04-12,0.4762426614761352,0.375,SALUTE
2022-04-13,0.4376421272754669,0.37,SALUTE
2022-04-14,0.4161273837089538,0.37,SALUTE
2022-04-15,0.4404678344726562,0.395,SALUTE
2022-04-18,0.4350503385066986,0.395,SALUTE
2022-04-20,0.443610668182373,0.4,SALUTE
2022-04-21,0.467730700969696,0.4,SALUTE
2022-04-22,0.4456344842910766,0.385,SALUTE
2022-04-25,0.4284874498844147,0.37,SALUTE
2022-04-26,0.4483562707901001,0.37,SALUTE
2022-04-27,0.463459849357605,0.355,SALUTE
2022-04-28,0.4345068335533142,0.365,SALUTE
2022-04-29,0.4075443148612976,0.37,SALUTE
2022-05-05,0.4322404861450195,0.365,SALUTE
2022-05-06,0.4196208417415619,0.36,SALUTE
2022-05-09,0.433303952217102,0.35,SALUTE
2022-05-10,0.4625553488731384,0.35,SALUTE
2022-05-11,0.4304273128509521,0.35,SALUTE
2022-05-12,0.4245870113372803,0.34,SALUTE
2022-05-13,0.4352201819419861,0.35,SALUTE
2022-05-17,0.4519727230072021,0.35,SALUTE
2022-05-18,0.4215931296348572,0.355,SALUTE
2022-01-03,5.527771472930908,5.945,SAM
2022-01-04,4.994035720825195,5.89,SAM
2022-01-05,4.807007789611816,5.925,SAM
2022-01-06,5.578324794769287,5.925,SAM
2022-01-07,5.172734260559082,6.225,SAM
2022-01-10,5.374892711639404,5.77,SAM
2022-01-11,4.546694278717041,5.8,SAM
2022-01-12,5.105804920196533,5.695,SAM
2022-01-13,5.303380012512207,5.47,SAM
2022-01-14,5.141251087188721,5.195,SAM
2022-01-17,5.264226913452148,5.235,SAM
2022-01-19,5.08697509765625,5.165,SAM
2022-01-20,5.282002925872803,5.39,SAM
2022-01-21,5.272902965545654,5.3,SAM
2022-01-24,5.036163330078125,5.325,SAM
2022-01-25,4.944644451141357,5.325,SAM
2022-01-26,5.379518985748291,5.33,SAM
2022-01-27,5.309483051300049,5.35,SAM
2022-01-28,5.103763580322266,5.35,SAM
2022-01-31,5.338141918182373,5.395,SAM
2022-02-03,4.788022518157959,5.325,SAM
2022-02-04,4.904119968414307,5.32,SAM
2022-02-07,5.375948905944824,5.32,SAM
2022-02-08,4.943945407867432,5.575,SAM
2022-02-09,4.646264553070068,5.875,SAM
2022-02-10,4.587793350219727,6.12,SAM
2022-02-11,5.150878429412842,5.875,SAM
2022-02-14,4.658616065979004,5.625,SAM
2022-02-15,4.579822540283203,5.65,SAM
2022-02-16,4.916448593139648,5.885,SAM
2022-02-17,4.077125072479248,5.75,SAM
2022-02-18,4.0121684074401855,5.625,SAM
2022-02-21,4.048443794250488,5.495,SAM
2022-02-22,4.067286491394043,5.495,SAM
2022-02-23,4.182831287384033,5.33,SAM
2022-02-24,4.188863277435303,5.265,SAM
2022-02-25,3.9106576442718506,5.4,SAM
2022-02-28,4.00949239730835,5.385,SAM
2022-03-01,4.075860500335693,5.475,SAM
2022-03-02,4.167764663696289,5.21,SAM
2022-03-03,3.930635929107666,5.19,SAM
2022-03-04,3.513725757598877,4.78,SAM
2022-03-07,3.668954849243164,4.18,SAM
2022-03-08,3.6961050033569336,3.79,SAM
2022-03-09,3.831613063812256,3.95,SAM
2022-03-10,3.942009925842285,4.18,SAM
2022-03-11,3.3878393173217773,4.26,SAM
2022-03-14,3.6556155681610103,4.08,SAM
2022-03-15,3.8880693912506095,3.94,SAM
2022-03-16,4.053113460540772,4.24,SAM
2022-03-17,4.603745937347412,4.52,SAM
2022-03-18,4.170286655426025,4.48,SAM
2022-03-21,4.357543468475342,4.64,SAM
2022-03-22,4.342696189880371,4.58,SAM
2022-03-23,4.36030912399292,4.88,SAM
2022-03-24,4.438834190368652,4.8,SAM
2022-03-25,4.284437656402588,4.83,SAM
2022-03-28,4.50479793548584,4.74,SAM
2022-03-29,4.475582122802734,4.75,SAM
2022-03-30,4.71229887008667,4.74,SAM
2022-03-31,4.916317462921143,4.75,SAM
2022-04-01,4.154282569885254,4.75,SAM
2022-04-04,4.45206356048584,4.76,SAM
2022-04-05,4.547724723815918,4.7,SAM
2022-04-06,5.586099147796631,4.62,SAM
2022-04-07,4.905973434448242,4.49,SAM
2022-04-08,4.362308025360107,4.57,SAM
2022-04-11,5.423620700836182,4.34,SAM
2022-04-12,4.771775245666504,4.3,SAM
2022-04-13,5.669636249542236,4.27,SAM
2022-04-14,4.895346641540527,4.3,SAM
2022-04-15,4.753116130828857,4.25,SAM
2022-04-18,5.140227794647217,4.21,SAM
2022-04-20,4.97398567199707,4.28,SAM
2022-04-21,4.865403652191162,4.29,SAM
2022-04-22,4.538984298706055,4.21,SAM
2022-04-25,4.610407829284668,4.1,SAM
2022-04-26,4.722151279449463,4.1,SAM
2022-04-27,4.755861759185791,4.1,SAM
2022-04-28,4.952628612518311,4.15,SAM
2022-04-29,4.686546802520752,4.2,SAM
2022-05-05,5.063963890075684,4.1,SAM
2022-05-06,5.220167636871338,4.0,SAM
2022-05-09,5.030513286590576,3.92,SAM
2022-05-10,4.928524017333984,3.9,SAM
2022-05-11,4.641047954559326,3.92,SAM
2022-05-12,4.920955181121826,3.82,SAM
2022-05-13,4.580033302307129,3.97,SAM
2022-05-17,4.631778240203857,4.2,SAM
2022-05-18,4.9451003074646,4.18,SAM
2022-01-03,1.2627311944961548,1.22,SURIA
2022-01-04,1.212389349937439,1.19,SURIA
2022-01-05,1.1601183414459229,1.19,SURIA
2022-01-06,1.2460854053497314,1.19,SURIA
2022-01-07,1.2961369752883911,1.2,SURIA
2022-01-10,1.2674894332885742,1.21,SURIA
2022-01-11,1.1423823833465576,1.21,SURIA
2022-01-12,1.2824254035949707,1.22,SURIA
2022-01-13,1.3211731910705566,1.23,SURIA
2022-01-14,1.239664077758789,1.21,SURIA
2022-01-17,1.382349729537964,1.19,SURIA
2022-01-19,1.2674933671951294,1.18,SURIA
2022-01-20,1.2621769905090332,1.2,SURIA
2022-01-21,1.3374086618423462,1.19,SURIA
2022-01-24,1.3688206672668457,1.19,SURIA
2022-01-25,1.351217269897461,1.16,SURIA
2022-01-26,1.2054215669631958,1.18,SURIA
2022-01-27,1.3870857954025269,1.16,SURIA
2022-01-28,1.4065206050872805,1.18,SURIA
2022-01-31,1.3175287246704102,1.16,SURIA
2022-02-03,1.3968321084976196,1.19,SURIA
2022-02-04,1.3499696254730225,1.19,SURIA
2022-02-07,1.3014261722564695,1.19,SURIA
2022-02-08,1.36480975151062,1.21,SURIA
2022-02-09,1.4047962427139282,1.21,SURIA
2022-02-10,1.3892638683319092,1.2,SURIA
2022-02-11,1.315068244934082,1.2,SURIA
2022-02-14,1.4452766180038452,1.2,SURIA
2022-02-15,1.459492564201355,1.21,SURIA
2022-02-16,1.387491226196289,1.26,SURIA
2022-02-17,1.3696649074554443,1.26,SURIA
2022-02-18,1.3150924444198608,1.27,SURIA
2022-02-21,1.2427406311035156,1.26,SURIA
2022-02-22,1.3444939851760864,1.28,SURIA
2022-02-23,1.3510198593139648,1.28,SURIA
2022-02-24,1.3636608123779297,1.25,SURIA
2022-02-25,1.2331581115722656,1.28,SURIA
2022-02-28,1.3850380182266235,1.26,SURIA
2022-03-01,1.4419091939926147,1.18,SURIA
2022-03-02,1.329127073287964,1.16,SURIA
2022-03-03,1.2593402862548828,1.17,SURIA
2022-03-04,1.1841453313827517,1.16,SURIA
2022-03-07,1.1809210777282717,1.12,SURIA
2022-03-08,1.232032299041748,1.15,SURIA
2022-03-09,1.2668395042419434,1.13,SURIA
2022-03-10,1.2453126907348633,1.14,SURIA
2022-03-11,1.0868830680847168,1.14,SURIA
2022-03-14,1.2781217098236084,1.14,SURIA
2022-03-15,1.3248884677886963,1.15,SURIA
2022-03-16,1.2347538471221924,1.15,SURIA
2022-03-17,1.2259081602096558,1.16,SURIA
2022-03-18,1.1499041318893433,1.16,SURIA
2022-03-21,1.1954693794250488,1.19,SURIA
2022-03-22,1.194349765777588,1.18,SURIA
2022-03-23,1.230174541473389,1.19,SURIA
2022-03-24,1.2295044660568235,1.19,SURIA
2022-03-25,1.069963455200195,1.17,SURIA
2022-03-28,1.250385880470276,1.17,SURIA
2022-03-29,1.2976577281951904,1.17,SURIA
2022-03-30,1.204207420349121,1.17,SURIA
2022-03-31,1.2162846326828003,1.18,SURIA
2022-04-01,1.1217520236968994,1.18,SURIA
2022-04-04,1.166917085647583,1.19,SURIA
2022-04-05,1.179821252822876,1.19,SURIA
2022-04-06,1.231285810470581,1.19,SURIA
2022-04-07,1.226703405380249,1.18,SURIA
2022-04-08,1.068467378616333,1.18,SURIA
2022-04-11,1.220311999320984,1.19,SURIA
2022-04-12,1.2526450157165527,1.18,SURIA
2022-04-13,1.202322244644165,1.18,SURIA
2022-04-14,1.2447011470794678,1.17,SURIA
2022-04-15,1.1969808340072632,1.17,SURIA
2022-04-18,1.215982437133789,1.17,SURIA
2022-04-20,1.2305604219436646,1.16,SURIA
2022-04-21,1.2748050689697266,1.16,SURIA
2022-04-22,1.261467456817627,1.15,SURIA
2022-04-25,1.131343126296997,1.15,SURIA
2022-04-26,1.241550087928772,1.15,SURIA
2022-04-27,1.2938432693481443,1.14,SURIA
2022-04-28,1.2328875064849854,1.15,SURIA
2022-04-29,1.2853007316589355,1.15,SURIA
2022-05-05,1.2164738178253174,1.16,SURIA
2022-05-06,1.2285008430480957,1.16,SURIA
2022-05-09,1.2652034759521484,1.16,SURIA
2022-05-10,1.2953072786331177,1.14,SURIA
2022-05-11,1.2706832885742188,1.13,SURIA
2022-05-12,1.1636229753494265,1.1,SURIA
2022-05-13,1.2742561101913452,1.1,SURIA
2022-05-17,1.308544635772705,1.15,SURIA
2022-05-18,1.2498700618743896,1.15,SURIA
2022-01-03,2.9743800163269043,2.87,TONGHER
2022-01-04,2.816594123840332,2.86,TONGHER
2022-01-05,3.048557758331299,2.9,TONGHER
2022-01-06,3.0043845176696777,2.9,TONGHER
2022-01-07,3.1838059425354004,2.9,TONGHER
2022-01-10,3.0459372997283936,2.9,TONGHER
2022-01-11,2.9398560523986816,2.89,TONGHER
2022-01-13,3.0225038528442383,2.9,TONGHER
2022-01-14,3.1123311519622803,2.86,TONGHER
2022-01-17,3.196038722991944,2.86,TONGHER
2022-01-19,3.114656925201416,2.85,TONGHER
2022-01-20,2.9557204246521,2.96,TONGHER
2022-01-24,3.006332397460937,2.85,TONGHER
2022-01-25,3.191149473190308,2.83,TONGHER
2022-01-26,3.190211772918701,2.83,TONGHER
2022-01-27,3.1633007526397705,2.83,TONGHER
2022-01-28,2.892592430114746,2.83,TONGHER
2022-01-31,3.1051387786865234,2.77,TONGHER
2022-02-03,3.143399238586426,2.9,TONGHER
2022-02-04,3.125483274459839,2.86,TONGHER
2022-02-07,3.319517135620117,2.86,TONGHER
2022-02-08,3.0997095108032227,2.9,TONGHER
2022-02-09,3.29915714263916,2.94,TONGHER
2022-02-10,3.2753164768218994,2.91,TONGHER
2022-02-11,3.3972458839416504,2.9,TONGHER
2022-02-14,3.147055387496948,2.88,TONGHER
2022-02-15,3.173503160476685,2.95,TONGHER
2022-02-16,3.3225855827331543,3.07,TONGHER
2022-02-17,3.23965072631836,3.05,TONGHER
2022-02-18,3.606607437133789,3.03,TONGHER
2022-02-21,3.4889116287231445,3.05,TONGHER
2022-02-22,3.3571648597717285,3.05,TONGHER
2022-02-23,3.591613292694092,3.08,TONGHER
2022-02-24,3.5035524368286133,3.19,TONGHER
2022-02-25,3.728569507598877,3.18,TONGHER
2022-02-28,3.564065933227539,3.05,TONGHER
2022-03-01,3.26335072517395,3.02,TONGHER
2022-03-02,3.438362598419189,3.03,TONGHER
2022-03-03,3.588989734649658,3.03,TONGHER
2022-03-04,3.9027061462402335,3.01,TONGHER
2022-03-07,3.7007226943969727,2.91,TONGHER
2022-03-08,3.461787223815918,2.92,TONGHER
2022-03-09,3.7221174240112314,2.98,TONGHER
2022-03-10,3.637041091918945,3.01,TONGHER
2022-03-11,3.7882471084594727,3.03,TONGHER
2022-03-14,3.69333815574646,2.97,TONGHER
2022-03-15,3.4757485389709477,2.95,TONGHER
2022-03-16,3.611672401428223,3.0,TONGHER
2022-03-17,3.6968138217926025,3.03,TONGHER
2022-03-18,4.025403022766113,3.05,TONGHER
2022-03-21,3.8040342330932617,3.06,TONGHER
2022-03-22,3.4745965003967285,3.06,TONGHER
2022-03-23,3.798525333404541,3.05,TONGHER
2022-03-25,3.851569414138794,3.08,TONGHER
2022-03-28,4.020931720733643,3.11,TONGHER
2022-03-29,3.651490211486816,3.11,TONGHER
2022-03-31,3.6169321537017822,3.1,TONGHER
2022-04-01,3.857434272766113,3.1,TONGHER
2022-04-04,3.8463735580444336,3.13,TONGHER
2022-04-05,4.097970008850098,3.13,TONGHER
2022-04-06,4.063374996185303,3.15,TONGHER
2022-04-07,3.6436514854431152,3.13,TONGHER
2022-04-08,3.937838077545166,3.15,TONGHER
2022-04-11,3.9501218795776367,3.13,TONGHER
2022-04-12,4.095341205596924,3.12,TONGHER
2022-04-13,3.935137033462525,3.11,TONGHER
2022-04-14,3.6110551357269287,3.11,TONGHER
2022-04-15,3.751082420349121,3.15,TONGHER
2022-04-18,3.880984306335449,3.14,TONGHER
2022-04-20,4.147771835327148,3.16,TONGHER
2022-04-21,4.0421295166015625,3.19,TONGHER
2022-04-22,3.617043495178223,3.22,TONGHER
2022-04-25,3.8060035705566406,3.19,TONGHER
2022-04-26,3.8851735591888423,3.18,TONGHER
2022-04-27,4.027504920959473,3.17,TONGHER
2022-04-28,3.854132413864136,3.2,TONGHER
2022-04-29,3.854089736938477,3.21,TONGHER
2022-05-05,3.879354953765869,3.27,TONGHER
2022-05-06,3.8621206283569336,3.2,TONGHER
2022-05-09,4.12675666809082,3.22,TONGHER
2022-05-10,3.876513957977295,3.15,TONGHER
2022-05-11,3.469369888305664,3.17,TONGHER
2022-05-12,3.682095766067505,3.13,TONGHER
2022-05-13,3.7544775009155273,3.17,TONGHER
2022-05-17,4.072749614715576,3.18,TONGHER
2022-05-18,3.6571879386901855,3.18,TONGHER
2022-05-19,3.717489957809448,3.17,TONGHER
2022-05-20,3.762374401092529,3.19,TONGHER
2022-05-23,3.665663242340088,3.17,TONGHER
2022-05-24,4.103870391845703,3.15,TONGHER
2022-01-03,14.469969749450684,13.8313,UTDPLT
2022-01-04,14.572942733764648,13.9499,UTDPLT
2022-01-05,15.68111801147461,13.9301,UTDPLT
2022-01-06,14.861433029174805,13.9301,UTDPLT
2022-01-07,16.258377075195312,13.9301,UTDPLT
2022-01-10,14.94454288482666,13.8906,UTDPLT
2022-01-11,14.658093452453612,13.9301,UTDPLT
2022-01-12,13.057464599609377,13.9301,UTDPLT
2022-01-13,14.00521469116211,13.9104,UTDPLT
2022-01-14,15.341248512268066,13.9104,UTDPLT
2022-01-17,15.490379333496094,13.8313,UTDPLT
2022-01-19,15.481280326843262,13.8313,UTDPLT
2022-01-20,16.81385040283203,13.7918,UTDPLT
2022-01-21,15.827248573303224,13.7918,UTDPLT
2022-01-24,17.32477378845215,13.8313,UTDPLT
2022-01-25,16.04966926574707,13.8313,UTDPLT
2022-01-26,16.070348739624023,13.8313,UTDPLT
2022-01-27,14.027493476867676,13.8313,UTDPLT
2022-01-28,14.527185440063477,13.8313,UTDPLT
2022-01-31,16.301734924316406,13.8511,UTDPLT
2022-02-03,16.501346588134766,13.8116,UTDPLT
2022-02-04,16.216127395629883,13.9301,UTDPLT
2022-02-07,18.222469329833984,13.9301,UTDPLT
2022-02-08,17.152009963989258,13.9301,UTDPLT
2022-02-09,19.15169334411621,13.9301,UTDPLT
2022-02-10,17.80661964416504,13.9894,UTDPLT
2022-02-11,17.052188873291016,13.9894,UTDPLT
2022-02-14,14.60639762878418,14.108,UTDPLT
2022-02-15,15.300339698791504,14.2265,UTDPLT
2022-02-16,17.13427734375,14.2265,UTDPLT
2022-02-17,16.603988647460938,14.2463,UTDPLT
2022-02-18,15.981163024902344,14.8193,UTDPLT
2022-02-21,17.553037643432617,14.5624,UTDPLT
2022-02-22,17.03101348876953,14.3648,UTDPLT
2022-02-23,18.824880599975582,14.3253,UTDPLT
2022-02-24,17.32498550415039,14.3055,UTDPLT
2022-02-25,16.769906997680664,14.5031,UTDPLT
2022-02-28,14.507551193237305,15.0366,UTDPLT
2022-03-01,15.14214324951172,14.9181,UTDPLT
2022-03-02,16.749134063720703,15.0169,UTDPLT
2022-03-03,16.517013549804688,15.4516,UTDPLT
2022-03-04,15.122934341430664,15.8665,UTDPLT
2022-03-07,17.154144287109375,15.7677,UTDPLT
2022-03-08,16.828651428222656,15.5108,UTDPLT
2022-03-09,19.4470157623291,15.4121,UTDPLT
2022-03-10,17.047683715820312,15.4121,UTDPLT
2022-03-11,15.475807189941406,15.3923,UTDPLT
2022-03-14,14.390976905822754,15.1749,UTDPLT
2022-03-15,15.641938209533691,14.8983,UTDPLT
2022-03-16,16.830209732055664,14.8193,UTDPLT
2022-03-17,16.732254028320312,14.8193,UTDPLT
2022-03-18,15.653094291687012,14.8193,UTDPLT
2022-03-21,17.488525390625,14.8193,UTDPLT
2022-03-22,17.20520782470703,14.839,UTDPLT
2022-03-23,19.868867874145508,14.8193,UTDPLT
2022-03-24,17.395965576171875,14.8193,UTDPLT
2022-03-25,16.72296905517578,14.7995,UTDPLT
2022-03-28,15.068621635437012,14.8193,UTDPLT
2022-03-29,15.653550148010254,14.8193,UTDPLT
2022-03-30,16.84972381591797,14.8588,UTDPLT
2022-03-31,15.717445373535156,14.8193,UTDPLT
2022-04-01,14.891258239746094,14.8193,UTDPLT
2022-04-04,16.496185302734375,15.1749,UTDPLT
2022-04-05,16.002235412597656,15.2935,UTDPLT
2022-04-06,17.615760803222656,15.5108,UTDPLT
2022-04-07,15.801206588745115,15.5108,UTDPLT
2022-04-08,15.682610511779783,15.6294,UTDPLT
2022-04-11,14.160484313964844,15.8072,UTDPLT
2022-04-12,14.802206039428713,15.9455,UTDPLT
2022-04-13,16.1121768951416,16.1036,UTDPLT
2022-04-14,16.732933044433594,15.9851,UTDPLT
2022-04-15,15.68571662902832,15.827,UTDPLT
2022-04-18,15.541207313537598,15.9851,UTDPLT
2022-04-20,15.82432460784912,16.3012,UTDPLT
2022-04-21,16.55430030822754,16.2814,UTDPLT
2022-04-22,15.609163284301758,16.3012,UTDPLT
2022-04-25,15.59681224822998,16.5778,UTDPLT
2022-04-26,14.214715957641602,16.6964,UTDPLT
2022-04-27,14.880108833312988,16.4,UTDPLT
2022-04-28,18.51016998291016,15.22,UTDPLT
2022-04-29,14.839150428771973,15.7,UTDPLT
2022-05-05,15.56456184387207,15.26,UTDPLT
2022-05-06,16.68374252319336,15.06,UTDPLT
2022-05-09,15.809165000915527,14.72,UTDPLT
2022-05-10,16.40361785888672,14.44,UTDPLT
2022-05-11,15.079710006713867,14.52,UTDPLT
2022-05-12,15.953248023986816,14.4,UTDPLT
2022-05-13,13.557661056518556,14.48,UTDPLT
2022-05-17,14.10178565979004,14.66,UTDPLT
2022-05-18,15.273513793945312,14.44,UTDPLT
2022-01-03,1.3502215147018433,1.35,WELLCALL
2022-01-04,1.2412850856781006,1.31,WELLCALL
2022-01-05,1.2459323406219482,1.31,WELLCALL
2022-01-06,1.3153008222579956,1.28,WELLCALL
2022-01-07,1.3406569957733154,1.28,WELLCALL
2022-01-10,1.359290599822998,1.35,WELLCALL
2022-01-11,1.2112499475479126,1.32,WELLCALL
2022-01-12,1.3307536840438845,1.34,WELLCALL
2022-01-13,1.3596305847167969,1.31,WELLCALL
2022-01-14,1.2819135189056396,1.24,WELLCALL
2022-01-17,1.3222402334213257,1.26,WELLCALL
2022-01-19,1.2332005500793457,1.23,WELLCALL
2022-01-20,1.181615710258484,1.26,WELLCALL
2022-01-21,1.310846209526062,1.23,WELLCALL
2022-01-24,1.383805751800537,1.23,WELLCALL
2022-01-25,1.36851167678833,1.19,WELLCALL
2022-01-26,1.1991376876831057,1.23,WELLCALL
2022-01-27,1.3667858839035034,1.21,WELLCALL
2022-01-28,1.3970096111297607,1.22,WELLCALL
2022-01-31,1.2806873321533203,1.26,WELLCALL
2022-02-03,1.3870054483413696,1.3,WELLCALL
2022-02-04,1.26251220703125,1.31,WELLCALL
2022-02-07,1.25199556350708,1.3,WELLCALL
2022-02-08,1.350967288017273,1.33,WELLCALL
2022-02-09,1.391127109527588,1.34,WELLCALL
2022-02-10,1.393866777420044,1.36,WELLCALL
2022-02-11,1.216768503189087,1.33,WELLCALL
2022-02-14,1.3934223651885986,1.31,WELLCALL
2022-02-15,1.44136643409729,1.31,WELLCALL
2022-02-16,1.2922241687774658,1.34,WELLCALL
2022-02-17,1.3632724285125732,1.33,WELLCALL
2022-02-18,1.2293930053710938,1.32,WELLCALL
2022-02-21,1.257158279418945,1.34,WELLCALL
2022-02-22,1.3263237476348877,1.25,WELLCALL
2022-02-23,1.425810933113098,1.26,WELLCALL
2022-02-24,1.408447027206421,1.23,WELLCALL
2022-02-25,1.2038397789001465,1.21,WELLCALL
2022-02-28,1.380779266357422,1.22,WELLCALL
2022-03-01,1.4129151105880735,1.2,WELLCALL
2022-03-02,1.3156790733337402,1.27,WELLCALL
2022-03-03,1.3704859018325806,1.26,WELLCALL
2022-03-04,1.2491583824157717,1.22,WELLCALL
2022-03-07,1.2595834732055664,1.15,WELLCALL
2022-03-08,1.3243907690048218,1.13,WELLCALL
2022-03-09,1.411185383796692,1.13,WELLCALL
2022-03-10,1.412792444229126,1.15,WELLCALL
2022-03-11,1.1806275844573977,1.17,WELLCALL
2022-03-14,1.3749874830245972,1.17,WELLCALL
2022-03-15,1.4340031147003174,1.15,WELLCALL
2022-03-16,1.313939094543457,1.21,WELLCALL
2022-03-17,1.3853503465652466,1.21,WELLCALL
2022-03-18,1.330898642539978,1.2,WELLCALL
2022-03-21,1.3047590255737305,1.2,WELLCALL
2022-03-22,1.3764655590057373,1.21,WELLCALL
2022-03-23,1.389456272125244,1.25,WELLCALL
2022-03-24,1.4054532051086426,1.25,WELLCALL
2022-03-25,1.2587062120437622,1.27,WELLCALL
2022-03-28,1.4176794290542605,1.25,WELLCALL
2022-03-29,1.4923546314239502,1.24,WELLCALL
2022-03-30,1.3424177169799805,1.23,WELLCALL
2022-03-31,1.4728131294250488,1.26,WELLCALL
2022-04-01,1.4368890523910522,1.24,WELLCALL
2022-04-04,1.3691606521606443,1.24,WELLCALL
2022-04-05,1.461179256439209,1.23,WELLCALL
2022-04-06,1.5208863019943235,1.25,WELLCALL
2022-04-07,1.4807491302490234,1.2,WELLCALL
2022-04-08,1.3402312994003296,1.21,WELLCALL
2022-04-11,1.4589447975158691,1.2,WELLCALL
2022-04-12,1.5164119005203247,1.2,WELLCALL
2022-04-13,1.4358091354370115,1.24,WELLCALL
2022-04-14,1.5125770568847656,1.23,WELLCALL
2022-04-15,1.4197486639022827,1.22,WELLCALL
2022-04-18,1.3809468746185305,1.22,WELLCALL
2022-04-20,1.4838236570358276,1.24,WELLCALL
2022-04-21,1.5290448665618896,1.25,WELLCALL
2022-04-22,1.463407278060913,1.26,WELLCALL
2022-04-25,1.337132453918457,1.23,WELLCALL
2022-04-26,1.5006393194198608,1.25,WELLCALL
2022-04-27,1.5338314771652222,1.24,WELLCALL
2022-04-28,1.4841303825378418,1.24,WELLCALL
2022-04-29,1.4416500329971311,1.27,WELLCALL
2022-05-05,1.3841619491577148,1.26,WELLCALL
2022-05-06,1.3255393505096436,1.26,WELLCALL
2022-05-09,1.411523938179016,1.22,WELLCALL
2022-05-10,1.4550846815109253,1.22,WELLCALL
2022-05-11,1.4214329719543457,1.23,WELLCALL
2022-05-12,1.3393782377243042,1.21,WELLCALL
2022-05-13,1.4460835456848145,1.22,WELLCALL
2022-05-17,1.465670108795166,1.23,WELLCALL
2022-05-18,1.4110639095306396,1.22,WELLCALL
